==> ABIs: arm64-v8a armeabi-v7a x86_64
==> TDLib 1.8.67 (Boost License 1.0) verified at /home/runner/work/Master/Master/third_party/tdlib
==> NDK 26.3.11579264 at /usr/local/lib/android/sdk/ndk/26.3.11579264
==> Building OpenSSL (OpenSSL_1_1_1w) with TDLib's official script
Downloading OpenSSL sources...
Configuring OpenSSL version 1.1.1w (0x1010117fL) for android-arm64
Using os-specific seed configuration
Creating configdata.pm
Creating Makefile

**********************************************************************
***                                                                ***
***   OpenSSL has been successfully configured                     ***
***                                                                ***
***   If you encounter a problem while building, please open an    ***
***   issue on GitHub <https://github.com/openssl/openssl/issues>  ***
***   and include the output from the following command:           ***
***                                                                ***
***       perl configdata.pm --dump                                ***
***                                                                ***
***   (If you are new to OpenSSL, you might want to consult the    ***
***   'Troubleshooting' section in the INSTALL file first)         ***
***                                                                ***
**********************************************************************
llvm-ar: warning: creating apps/libapps.a
llvm-ar: warning: creating libssl.a
llvm-ar: warning: creating test/libtestutil.a
apps/rehash.c:407:53: warning: '%n' specifier not supported on this platform [-Wformat]
                    BIO_snprintf(buf, buflen, "%s%s%n%08x.%s%d",
                                                   ~^
apps/rehash.c:429:53: warning: '%n' specifier not supported on this platform [-Wformat]
                    BIO_snprintf(buf, buflen, "%s%s%n%08x.%s%d",
                                                   ~^
2 warnings generated.
llvm-ar: warning: creating libcrypto.a
rm -f apps/libapps.a libcrypto.a libssl.a test/libtestutil.a
rm -f *.map
rm -f apps/openssl fuzz/asn1-test fuzz/asn1parse-test fuzz/bignum-test fuzz/bndiv-test fuzz/client-test fuzz/cms-test fuzz/conf-test fuzz/crl-test fuzz/ct-test fuzz/server-test fuzz/x509-test test/aborttest test/afalgtest test/asn1_decode_test test/asn1_encode_test test/asn1_internal_test test/asn1_string_table_test test/asn1_time_test test/asynciotest test/asynctest test/bad_dtls_test test/bftest test/bio_callback_test test/bio_enc_test test/bio_memleak_test test/bioprinttest test/bntest test/buildtest_c_aes test/buildtest_c_asn1 test/buildtest_c_asn1t test/buildtest_c_async test/buildtest_c_bio test/buildtest_c_blowfish test/buildtest_c_bn test/buildtest_c_buffer test/buildtest_c_camellia test/buildtest_c_cast test/buildtest_c_cmac test/buildtest_c_cms test/buildtest_c_comp test/buildtest_c_conf test/buildtest_c_conf_api test/buildtest_c_crypto test/buildtest_c_ct test/buildtest_c_des test/buildtest_c_dh test/buildtest_c_dsa test/buildtest_c_dtls1 test/buildtest_c_e_os2 test/buildtest_c_ebcdic test/buildtest_c_ec test/buildtest_c_ecdh test/buildtest_c_ecdsa test/buildtest_c_engine test/buildtest_c_evp test/buildtest_c_hmac test/buildtest_c_idea test/buildtest_c_kdf test/buildtest_c_lhash test/buildtest_c_md4 test/buildtest_c_md5 test/buildtest_c_mdc2 test/buildtest_c_modes test/buildtest_c_obj_mac test/buildtest_c_objects test/buildtest_c_ocsp test/buildtest_c_opensslv test/buildtest_c_ossl_typ test/buildtest_c_pem test/buildtest_c_pem2 test/buildtest_c_pkcs12 test/buildtest_c_pkcs7 test/buildtest_c_rand test/buildtest_c_rand_drbg test/buildtest_c_rc2 test/buildtest_c_rc4 test/buildtest_c_ripemd test/buildtest_c_rsa test/buildtest_c_safestack test/buildtest_c_seed test/buildtest_c_sha test/buildtest_c_srp test/buildtest_c_srtp test/buildtest_c_ssl test/buildtest_c_ssl2 test/buildtest_c_stack test/buildtest_c_store test/buildtest_c_symhacks test/buildtest_c_tls1 test/buildtest_c_ts test/buildtest_c_txt_db test/buildtest_c_ui test/buildtest_c_whrlpool test/buildtest_c_x509 test/buildtest_c_x509_vfy test/buildtest_c_x509v3 test/casttest test/chacha_internal_test test/cipher_overhead_test test/cipherbytes_test test/cipherlist_test test/ciphername_test test/clienthellotest test/cmactest test/cmsapitest test/conf_include_test test/constant_time_test test/crltest test/ct_test test/ctype_internal_test test/curve448_internal_test test/d2i_test test/danetest test/destest test/dhtest test/drbg_cavs_test test/drbgtest test/dsa_no_digest_size_test test/dsatest test/dtls_mtu_test test/dtlstest test/dtlsv1listentest test/ec_internal_test test/ecdsatest test/ecstresstest test/ectest test/enginetest test/errtest test/evp_extra_test test/evp_test test/exdatatest test/exptest test/fatalerrtest test/gmdifftest test/gosttest test/hmactest test/ideatest test/igetest test/lhash_test test/md2test test/mdc2_internal_test test/mdc2test test/memleaktest test/modes_internal_test test/ocspapitest test/packettest test/pbelutest test/pemtest test/pkey_meth_kdf_test test/pkey_meth_test test/poly1305_internal_test test/rc2test test/rc4test test/rc5test test/rdrand_sanitytest test/recordlentest test/rsa_complex test/rsa_mp_test test/rsa_test test/sanitytest test/secmemtest test/servername_test test/siphash_internal_test test/sm2_internal_test test/sm4_internal_test test/srptest test/ssl_cert_table_internal_test test/ssl_ctx_test test/ssl_test test/ssl_test_ctx_test test/sslapitest test/sslbuffertest test/sslcorrupttest test/ssltest_old test/stack_test test/sysdefaulttest test/test_test test/threadstest test/time_offset_test test/tls13ccstest test/tls13encryptiontest test/uitest test/v3ext test/v3nametest test/verify_extra_test test/versions test/wpackettest test/x509_check_cert_pkey_test test/x509_dup_cert_test test/x509_internal_test test/x509_time_test test/x509aux   apps/CA.pl apps/tsget.pl tools/c_rehash util/shlib_wrap.sh
rm -f include/crypto/bn_conf.h include/crypto/dso_conf.h include/openssl/opensslconf.h apps/CA.pl apps/progs.h apps/tsget.pl crypto/aes/aesv8-armx.S crypto/aes/vpaes-armv8.S crypto/arm64cpuid.S crypto/bn/armv8-mont.S crypto/buildinf.h crypto/chacha/chacha-armv8.S crypto/ec/ecp_nistz256-armv8.S crypto/modes/ghashv8-armx.S crypto/poly1305/poly1305-armv8.S crypto/sha/keccak1600-armv8.S crypto/sha/sha1-armv8.S crypto/sha/sha256-armv8.S crypto/sha/sha512-armv8.S test/buildtest_aes.c test/buildtest_asn1.c test/buildtest_asn1t.c test/buildtest_async.c test/buildtest_bio.c test/buildtest_blowfish.c test/buildtest_bn.c test/buildtest_buffer.c test/buildtest_camellia.c test/buildtest_cast.c test/buildtest_cmac.c test/buildtest_cms.c test/buildtest_comp.c test/buildtest_conf.c test/buildtest_conf_api.c test/buildtest_crypto.c test/buildtest_ct.c test/buildtest_des.c test/buildtest_dh.c test/buildtest_dsa.c test/buildtest_dtls1.c test/buildtest_e_os2.c test/buildtest_ebcdic.c test/buildtest_ec.c test/buildtest_ecdh.c test/buildtest_ecdsa.c test/buildtest_engine.c test/buildtest_evp.c test/buildtest_hmac.c test/buildtest_idea.c test/buildtest_kdf.c test/buildtest_lhash.c test/buildtest_md4.c test/buildtest_md5.c test/buildtest_mdc2.c test/buildtest_modes.c test/buildtest_obj_mac.c test/buildtest_objects.c test/buildtest_ocsp.c test/buildtest_opensslv.c test/buildtest_ossl_typ.c test/buildtest_pem.c test/buildtest_pem2.c test/buildtest_pkcs12.c test/buildtest_pkcs7.c test/buildtest_rand.c test/buildtest_rand_drbg.c test/buildtest_rc2.c test/buildtest_rc4.c test/buildtest_ripemd.c test/buildtest_rsa.c test/buildtest_safestack.c test/buildtest_seed.c test/buildtest_sha.c test/buildtest_srp.c test/buildtest_srtp.c test/buildtest_ssl.c test/buildtest_ssl2.c test/buildtest_stack.c test/buildtest_store.c test/buildtest_symhacks.c test/buildtest_tls1.c test/buildtest_ts.c test/buildtest_txt_db.c test/buildtest_ui.c test/buildtest_whrlpool.c test/buildtest_x509.c test/buildtest_x509_vfy.c test/buildtest_x509v3.c tools/c_rehash util/shlib_wrap.sh
rm -f `find . -name '*.d' \! -name '.*' \! -type d -print`
rm -f `find . -name '*.o' \! -name '.*' \! -type d -print`
rm -f core
rm -f tags TAGS doc-nits
rm -f -r test/test-runs
rm -f openssl.pc libcrypto.pc libssl.pc
rm -f `find . -type l \! -name '.*' -print`
rm -f configdata.pm
rm -f Makefile
Configuring OpenSSL version 1.1.1w (0x1010117fL) for android-arm
Using os-specific seed configuration
Creating configdata.pm
Creating Makefile

**********************************************************************
***                                                                ***
***   OpenSSL has been successfully configured                     ***
***                                                                ***
***   If you encounter a problem while building, please open an    ***
***   issue on GitHub <https://github.com/openssl/openssl/issues>  ***
***   and include the output from the following command:           ***
***                                                                ***
***       perl configdata.pm --dump                                ***
***                                                                ***
***   (If you are new to OpenSSL, you might want to consult the    ***
***   'Troubleshooting' section in the INSTALL file first)         ***
***                                                                ***
**********************************************************************
llvm-ar: warning: creating apps/libapps.a
llvm-ar: warning: creating libssl.a
llvm-ar: warning: creating test/libtestutil.a
apps/rehash.c:407:53: warning: '%n' specifier not supported on this platform [-Wformat]
                    BIO_snprintf(buf, buflen, "%s%s%n%08x.%s%d",
                                                   ~^
apps/rehash.c:429:53: warning: '%n' specifier not supported on this platform [-Wformat]
                    BIO_snprintf(buf, buflen, "%s%s%n%08x.%s%d",
                                                   ~^
2 warnings generated.
llvm-ar: warning: creating libcrypto.a
rm -f apps/libapps.a libcrypto.a libssl.a test/libtestutil.a
rm -f *.map
rm -f apps/openssl fuzz/asn1-test fuzz/asn1parse-test fuzz/bignum-test fuzz/bndiv-test fuzz/client-test fuzz/cms-test fuzz/conf-test fuzz/crl-test fuzz/ct-test fuzz/server-test fuzz/x509-test test/aborttest test/afalgtest test/asn1_decode_test test/asn1_encode_test test/asn1_internal_test test/asn1_string_table_test test/asn1_time_test test/asynciotest test/asynctest test/bad_dtls_test test/bftest test/bio_callback_test test/bio_enc_test test/bio_memleak_test test/bioprinttest test/bntest test/buildtest_c_aes test/buildtest_c_asn1 test/buildtest_c_asn1t test/buildtest_c_async test/buildtest_c_bio test/buildtest_c_blowfish test/buildtest_c_bn test/buildtest_c_buffer test/buildtest_c_camellia test/buildtest_c_cast test/buildtest_c_cmac test/buildtest_c_cms test/buildtest_c_comp test/buildtest_c_conf test/buildtest_c_conf_api test/buildtest_c_crypto test/buildtest_c_ct test/buildtest_c_des test/buildtest_c_dh test/buildtest_c_dsa test/buildtest_c_dtls1 test/buildtest_c_e_os2 test/buildtest_c_ebcdic test/buildtest_c_ec test/buildtest_c_ecdh test/buildtest_c_ecdsa test/buildtest_c_engine test/buildtest_c_evp test/buildtest_c_hmac test/buildtest_c_idea test/buildtest_c_kdf test/buildtest_c_lhash test/buildtest_c_md4 test/buildtest_c_md5 test/buildtest_c_mdc2 test/buildtest_c_modes test/buildtest_c_obj_mac test/buildtest_c_objects test/buildtest_c_ocsp test/buildtest_c_opensslv test/buildtest_c_ossl_typ test/buildtest_c_pem test/buildtest_c_pem2 test/buildtest_c_pkcs12 test/buildtest_c_pkcs7 test/buildtest_c_rand test/buildtest_c_rand_drbg test/buildtest_c_rc2 test/buildtest_c_rc4 test/buildtest_c_ripemd test/buildtest_c_rsa test/buildtest_c_safestack test/buildtest_c_seed test/buildtest_c_sha test/buildtest_c_srp test/buildtest_c_srtp test/buildtest_c_ssl test/buildtest_c_ssl2 test/buildtest_c_stack test/buildtest_c_store test/buildtest_c_symhacks test/buildtest_c_tls1 test/buildtest_c_ts test/buildtest_c_txt_db test/buildtest_c_ui test/buildtest_c_whrlpool test/buildtest_c_x509 test/buildtest_c_x509_vfy test/buildtest_c_x509v3 test/casttest test/chacha_internal_test test/cipher_overhead_test test/cipherbytes_test test/cipherlist_test test/ciphername_test test/clienthellotest test/cmactest test/cmsapitest test/conf_include_test test/constant_time_test test/crltest test/ct_test test/ctype_internal_test test/curve448_internal_test test/d2i_test test/danetest test/destest test/dhtest test/drbg_cavs_test test/drbgtest test/dsa_no_digest_size_test test/dsatest test/dtls_mtu_test test/dtlstest test/dtlsv1listentest test/ec_internal_test test/ecdsatest test/ecstresstest test/ectest test/enginetest test/errtest test/evp_extra_test test/evp_test test/exdatatest test/exptest test/fatalerrtest test/gmdifftest test/gosttest test/hmactest test/ideatest test/igetest test/lhash_test test/md2test test/mdc2_internal_test test/mdc2test test/memleaktest test/modes_internal_test test/ocspapitest test/packettest test/pbelutest test/pemtest test/pkey_meth_kdf_test test/pkey_meth_test test/poly1305_internal_test test/rc2test test/rc4test test/rc5test test/rdrand_sanitytest test/recordlentest test/rsa_complex test/rsa_mp_test test/rsa_test test/sanitytest test/secmemtest test/servername_test test/siphash_internal_test test/sm2_internal_test test/sm4_internal_test test/srptest test/ssl_cert_table_internal_test test/ssl_ctx_test test/ssl_test test/ssl_test_ctx_test test/sslapitest test/sslbuffertest test/sslcorrupttest test/ssltest_old test/stack_test test/sysdefaulttest test/test_test test/threadstest test/time_offset_test test/tls13ccstest test/tls13encryptiontest test/uitest test/v3ext test/v3nametest test/verify_extra_test test/versions test/wpackettest test/x509_check_cert_pkey_test test/x509_dup_cert_test test/x509_internal_test test/x509_time_test test/x509aux   apps/CA.pl apps/tsget.pl tools/c_rehash util/shlib_wrap.sh
rm -f include/crypto/bn_conf.h include/crypto/dso_conf.h include/openssl/opensslconf.h apps/CA.pl apps/progs.h apps/tsget.pl crypto/aes/aes-armv4.S crypto/aes/aesv8-armx.S crypto/aes/bsaes-armv7.S crypto/armv4cpuid.S crypto/bn/armv4-gf2m.S crypto/bn/armv4-mont.S crypto/buildinf.h crypto/chacha/chacha-armv4.S crypto/ec/ecp_nistz256-armv4.S crypto/modes/ghash-armv4.S crypto/modes/ghashv8-armx.S crypto/poly1305/poly1305-armv4.S crypto/sha/keccak1600-armv4.S crypto/sha/sha1-armv4-large.S crypto/sha/sha256-armv4.S crypto/sha/sha512-armv4.S test/buildtest_aes.c test/buildtest_asn1.c test/buildtest_asn1t.c test/buildtest_async.c test/buildtest_bio.c test/buildtest_blowfish.c test/buildtest_bn.c test/buildtest_buffer.c test/buildtest_camellia.c test/buildtest_cast.c test/buildtest_cmac.c test/buildtest_cms.c test/buildtest_comp.c test/buildtest_conf.c test/buildtest_conf_api.c test/buildtest_crypto.c test/buildtest_ct.c test/buildtest_des.c test/buildtest_dh.c test/buildtest_dsa.c test/buildtest_dtls1.c test/buildtest_e_os2.c test/buildtest_ebcdic.c test/buildtest_ec.c test/buildtest_ecdh.c test/buildtest_ecdsa.c test/buildtest_engine.c test/buildtest_evp.c test/buildtest_hmac.c test/buildtest_idea.c test/buildtest_kdf.c test/buildtest_lhash.c test/buildtest_md4.c test/buildtest_md5.c test/buildtest_mdc2.c test/buildtest_modes.c test/buildtest_obj_mac.c test/buildtest_objects.c test/buildtest_ocsp.c test/buildtest_opensslv.c test/buildtest_ossl_typ.c test/buildtest_pem.c test/buildtest_pem2.c test/buildtest_pkcs12.c test/buildtest_pkcs7.c test/buildtest_rand.c test/buildtest_rand_drbg.c test/buildtest_rc2.c test/buildtest_rc4.c test/buildtest_ripemd.c test/buildtest_rsa.c test/buildtest_safestack.c test/buildtest_seed.c test/buildtest_sha.c test/buildtest_srp.c test/buildtest_srtp.c test/buildtest_ssl.c test/buildtest_ssl2.c test/buildtest_stack.c test/buildtest_store.c test/buildtest_symhacks.c test/buildtest_tls1.c test/buildtest_ts.c test/buildtest_txt_db.c test/buildtest_ui.c test/buildtest_whrlpool.c test/buildtest_x509.c test/buildtest_x509_vfy.c test/buildtest_x509v3.c tools/c_rehash util/shlib_wrap.sh
rm -f `find . -name '*.d' \! -name '.*' \! -type d -print`
rm -f `find . -name '*.o' \! -name '.*' \! -type d -print`
rm -f core
rm -f tags TAGS doc-nits
rm -f -r test/test-runs
rm -f openssl.pc libcrypto.pc libssl.pc
rm -f `find . -type l \! -name '.*' -print`
rm -f configdata.pm
rm -f Makefile
Configuring OpenSSL version 1.1.1w (0x1010117fL) for android-x86_64
Using os-specific seed configuration
Creating configdata.pm
Creating Makefile

**********************************************************************
***                                                                ***
***   OpenSSL has been successfully configured                     ***
***                                                                ***
***   If you encounter a problem while building, please open an    ***
***   issue on GitHub <https://github.com/openssl/openssl/issues>  ***
***   and include the output from the following command:           ***
***                                                                ***
***       perl configdata.pm --dump                                ***
***                                                                ***
***   (If you are new to OpenSSL, you might want to consult the    ***
***   'Troubleshooting' section in the INSTALL file first)         ***
***                                                                ***
**********************************************************************
llvm-ar: warning: creating apps/libapps.a
llvm-ar: warning: creating libssl.a
llvm-ar: warning: creating test/libtestutil.a
apps/rehash.c:407:53: warning: '%n' specifier not supported on this platform [-Wformat]
                    BIO_snprintf(buf, buflen, "%s%s%n%08x.%s%d",
                                                   ~^
apps/rehash.c:429:53: warning: '%n' specifier not supported on this platform [-Wformat]
                    BIO_snprintf(buf, buflen, "%s%s%n%08x.%s%d",
                                                   ~^
2 warnings generated.
llvm-ar: warning: creating libcrypto.a
rm -f apps/libapps.a libcrypto.a libssl.a test/libtestutil.a
rm -f *.map
rm -f apps/openssl fuzz/asn1-test fuzz/asn1parse-test fuzz/bignum-test fuzz/bndiv-test fuzz/client-test fuzz/cms-test fuzz/conf-test fuzz/crl-test fuzz/ct-test fuzz/server-test fuzz/x509-test test/aborttest test/afalgtest test/asn1_decode_test test/asn1_encode_test test/asn1_internal_test test/asn1_string_table_test test/asn1_time_test test/asynciotest test/asynctest test/bad_dtls_test test/bftest test/bio_callback_test test/bio_enc_test test/bio_memleak_test test/bioprinttest test/bntest test/buildtest_c_aes test/buildtest_c_asn1 test/buildtest_c_asn1t test/buildtest_c_async test/buildtest_c_bio test/buildtest_c_blowfish test/buildtest_c_bn test/buildtest_c_buffer test/buildtest_c_camellia test/buildtest_c_cast test/buildtest_c_cmac test/buildtest_c_cms test/buildtest_c_comp test/buildtest_c_conf test/buildtest_c_conf_api test/buildtest_c_crypto test/buildtest_c_ct test/buildtest_c_des test/buildtest_c_dh test/buildtest_c_dsa test/buildtest_c_dtls1 test/buildtest_c_e_os2 test/buildtest_c_ebcdic test/buildtest_c_ec test/buildtest_c_ecdh test/buildtest_c_ecdsa test/buildtest_c_engine test/buildtest_c_evp test/buildtest_c_hmac test/buildtest_c_idea test/buildtest_c_kdf test/buildtest_c_lhash test/buildtest_c_md4 test/buildtest_c_md5 test/buildtest_c_mdc2 test/buildtest_c_modes test/buildtest_c_obj_mac test/buildtest_c_objects test/buildtest_c_ocsp test/buildtest_c_opensslv test/buildtest_c_ossl_typ test/buildtest_c_pem test/buildtest_c_pem2 test/buildtest_c_pkcs12 test/buildtest_c_pkcs7 test/buildtest_c_rand test/buildtest_c_rand_drbg test/buildtest_c_rc2 test/buildtest_c_rc4 test/buildtest_c_ripemd test/buildtest_c_rsa test/buildtest_c_safestack test/buildtest_c_seed test/buildtest_c_sha test/buildtest_c_srp test/buildtest_c_srtp test/buildtest_c_ssl test/buildtest_c_ssl2 test/buildtest_c_stack test/buildtest_c_store test/buildtest_c_symhacks test/buildtest_c_tls1 test/buildtest_c_ts test/buildtest_c_txt_db test/buildtest_c_ui test/buildtest_c_whrlpool test/buildtest_c_x509 test/buildtest_c_x509_vfy test/buildtest_c_x509v3 test/casttest test/chacha_internal_test test/cipher_overhead_test test/cipherbytes_test test/cipherlist_test test/ciphername_test test/clienthellotest test/cmactest test/cmsapitest test/conf_include_test test/constant_time_test test/crltest test/ct_test test/ctype_internal_test test/curve448_internal_test test/d2i_test test/danetest test/destest test/dhtest test/drbg_cavs_test test/drbgtest test/dsa_no_digest_size_test test/dsatest test/dtls_mtu_test test/dtlstest test/dtlsv1listentest test/ec_internal_test test/ecdsatest test/ecstresstest test/ectest test/enginetest test/errtest test/evp_extra_test test/evp_test test/exdatatest test/exptest test/fatalerrtest test/gmdifftest test/gosttest test/hmactest test/ideatest test/igetest test/lhash_test test/md2test test/mdc2_internal_test test/mdc2test test/memleaktest test/modes_internal_test test/ocspapitest test/packettest test/pbelutest test/pemtest test/pkey_meth_kdf_test test/pkey_meth_test test/poly1305_internal_test test/rc2test test/rc4test test/rc5test test/rdrand_sanitytest test/recordlentest test/rsa_complex test/rsa_mp_test test/rsa_test test/sanitytest test/secmemtest test/servername_test test/siphash_internal_test test/sm2_internal_test test/sm4_internal_test test/srptest test/ssl_cert_table_internal_test test/ssl_ctx_test test/ssl_test test/ssl_test_ctx_test test/sslapitest test/sslbuffertest test/sslcorrupttest test/ssltest_old test/stack_test test/sysdefaulttest test/test_test test/threadstest test/time_offset_test test/tls13ccstest test/tls13encryptiontest test/uitest test/v3ext test/v3nametest test/verify_extra_test test/versions test/wpackettest test/x509_check_cert_pkey_test test/x509_dup_cert_test test/x509_internal_test test/x509_time_test test/x509aux   apps/CA.pl apps/tsget.pl tools/c_rehash util/shlib_wrap.sh
rm -f include/crypto/bn_conf.h include/crypto/dso_conf.h include/openssl/opensslconf.h apps/CA.pl apps/progs.h apps/tsget.pl crypto/aes/aesni-mb-x86_64.s crypto/aes/aesni-sha1-x86_64.s crypto/aes/aesni-sha256-x86_64.s crypto/aes/aesni-x86_64.s crypto/aes/vpaes-x86_64.s crypto/bn/rsaz-avx2.s crypto/bn/rsaz-x86_64.s crypto/bn/x86_64-gf2m.s crypto/bn/x86_64-mont.s crypto/bn/x86_64-mont5.s crypto/buildinf.h crypto/camellia/cmll-x86_64.s crypto/chacha/chacha-x86_64.s crypto/ec/ecp_nistz256-x86_64.s crypto/ec/x25519-x86_64.s crypto/md5/md5-x86_64.s crypto/modes/aesni-gcm-x86_64.s crypto/modes/ghash-x86_64.s crypto/poly1305/poly1305-x86_64.s crypto/rc4/rc4-md5-x86_64.s crypto/rc4/rc4-x86_64.s crypto/sha/keccak1600-x86_64.s crypto/sha/sha1-mb-x86_64.s crypto/sha/sha1-x86_64.s crypto/sha/sha256-mb-x86_64.s crypto/sha/sha256-x86_64.s crypto/sha/sha512-x86_64.s crypto/whrlpool/wp-x86_64.s crypto/x86_64cpuid.s engines/e_padlock-x86_64.s test/buildtest_aes.c test/buildtest_asn1.c test/buildtest_asn1t.c test/buildtest_async.c test/buildtest_bio.c test/buildtest_blowfish.c test/buildtest_bn.c test/buildtest_buffer.c test/buildtest_camellia.c test/buildtest_cast.c test/buildtest_cmac.c test/buildtest_cms.c test/buildtest_comp.c test/buildtest_conf.c test/buildtest_conf_api.c test/buildtest_crypto.c test/buildtest_ct.c test/buildtest_des.c test/buildtest_dh.c test/buildtest_dsa.c test/buildtest_dtls1.c test/buildtest_e_os2.c test/buildtest_ebcdic.c test/buildtest_ec.c test/buildtest_ecdh.c test/buildtest_ecdsa.c test/buildtest_engine.c test/buildtest_evp.c test/buildtest_hmac.c test/buildtest_idea.c test/buildtest_kdf.c test/buildtest_lhash.c test/buildtest_md4.c test/buildtest_md5.c test/buildtest_mdc2.c test/buildtest_modes.c test/buildtest_obj_mac.c test/buildtest_objects.c test/buildtest_ocsp.c test/buildtest_opensslv.c test/buildtest_ossl_typ.c test/buildtest_pem.c test/buildtest_pem2.c test/buildtest_pkcs12.c test/buildtest_pkcs7.c test/buildtest_rand.c test/buildtest_rand_drbg.c test/buildtest_rc2.c test/buildtest_rc4.c test/buildtest_ripemd.c test/buildtest_rsa.c test/buildtest_safestack.c test/buildtest_seed.c test/buildtest_sha.c test/buildtest_srp.c test/buildtest_srtp.c test/buildtest_ssl.c test/buildtest_ssl2.c test/buildtest_stack.c test/buildtest_store.c test/buildtest_symhacks.c test/buildtest_tls1.c test/buildtest_ts.c test/buildtest_txt_db.c test/buildtest_ui.c test/buildtest_whrlpool.c test/buildtest_x509.c test/buildtest_x509_vfy.c test/buildtest_x509v3.c tools/c_rehash util/shlib_wrap.sh
rm -f `find . -name '*.d' \! -name '.*' \! -type d -print`
rm -f `find . -name '*.o' \! -name '.*' \! -type d -print`
rm -f core
rm -f tags TAGS doc-nits
rm -f -r test/test-runs
rm -f openssl.pc libcrypto.pc libssl.pc
rm -f `find . -type l \! -name '.*' -print`
rm -f configdata.pm
rm -f Makefile
Configuring OpenSSL version 1.1.1w (0x1010117fL) for android-x86
Using os-specific seed configuration
Creating configdata.pm
Creating Makefile

**********************************************************************
***                                                                ***
***   OpenSSL has been successfully configured                     ***
***                                                                ***
***   If you encounter a problem while building, please open an    ***
***   issue on GitHub <https://github.com/openssl/openssl/issues>  ***
***   and include the output from the following command:           ***
***                                                                ***
***       perl configdata.pm --dump                                ***
***                                                                ***
***   (If you are new to OpenSSL, you might want to consult the    ***
***   'Troubleshooting' section in the INSTALL file first)         ***
***                                                                ***
**********************************************************************
llvm-ar: warning: creating apps/libapps.a
llvm-ar: warning: creating libssl.a
llvm-ar: warning: creating test/libtestutil.a
apps/rehash.c:407:53: warning: '%n' specifier not supported on this platform [-Wformat]
                    BIO_snprintf(buf, buflen, "%s%s%n%08x.%s%d",
                                                   ~^
apps/rehash.c:429:53: warning: '%n' specifier not supported on this platform [-Wformat]
                    BIO_snprintf(buf, buflen, "%s%s%n%08x.%s%d",
                                                   ~^
2 warnings generated.
llvm-ar: warning: creating libcrypto.a
rm -f apps/libapps.a libcrypto.a libssl.a test/libtestutil.a
rm -f *.map
rm -f apps/openssl fuzz/asn1-test fuzz/asn1parse-test fuzz/bignum-test fuzz/bndiv-test fuzz/client-test fuzz/cms-test fuzz/conf-test fuzz/crl-test fuzz/ct-test fuzz/server-test fuzz/x509-test test/aborttest test/afalgtest test/asn1_decode_test test/asn1_encode_test test/asn1_internal_test test/asn1_string_table_test test/asn1_time_test test/asynciotest test/asynctest test/bad_dtls_test test/bftest test/bio_callback_test test/bio_enc_test test/bio_memleak_test test/bioprinttest test/bntest test/buildtest_c_aes test/buildtest_c_asn1 test/buildtest_c_asn1t test/buildtest_c_async test/buildtest_c_bio test/buildtest_c_blowfish test/buildtest_c_bn test/buildtest_c_buffer test/buildtest_c_camellia test/buildtest_c_cast test/buildtest_c_cmac test/buildtest_c_cms test/buildtest_c_comp test/buildtest_c_conf test/buildtest_c_conf_api test/buildtest_c_crypto test/buildtest_c_ct test/buildtest_c_des test/buildtest_c_dh test/buildtest_c_dsa test/buildtest_c_dtls1 test/buildtest_c_e_os2 test/buildtest_c_ebcdic test/buildtest_c_ec test/buildtest_c_ecdh test/buildtest_c_ecdsa test/buildtest_c_engine test/buildtest_c_evp test/buildtest_c_hmac test/buildtest_c_idea test/buildtest_c_kdf test/buildtest_c_lhash test/buildtest_c_md4 test/buildtest_c_md5 test/buildtest_c_mdc2 test/buildtest_c_modes test/buildtest_c_obj_mac test/buildtest_c_objects test/buildtest_c_ocsp test/buildtest_c_opensslv test/buildtest_c_ossl_typ test/buildtest_c_pem test/buildtest_c_pem2 test/buildtest_c_pkcs12 test/buildtest_c_pkcs7 test/buildtest_c_rand test/buildtest_c_rand_drbg test/buildtest_c_rc2 test/buildtest_c_rc4 test/buildtest_c_ripemd test/buildtest_c_rsa test/buildtest_c_safestack test/buildtest_c_seed test/buildtest_c_sha test/buildtest_c_srp test/buildtest_c_srtp test/buildtest_c_ssl test/buildtest_c_ssl2 test/buildtest_c_stack test/buildtest_c_store test/buildtest_c_symhacks test/buildtest_c_tls1 test/buildtest_c_ts test/buildtest_c_txt_db test/buildtest_c_ui test/buildtest_c_whrlpool test/buildtest_c_x509 test/buildtest_c_x509_vfy test/buildtest_c_x509v3 test/casttest test/chacha_internal_test test/cipher_overhead_test test/cipherbytes_test test/cipherlist_test test/ciphername_test test/clienthellotest test/cmactest test/cmsapitest test/conf_include_test test/constant_time_test test/crltest test/ct_test test/ctype_internal_test test/curve448_internal_test test/d2i_test test/danetest test/destest test/dhtest test/drbg_cavs_test test/drbgtest test/dsa_no_digest_size_test test/dsatest test/dtls_mtu_test test/dtlstest test/dtlsv1listentest test/ec_internal_test test/ecdsatest test/ecstresstest test/ectest test/enginetest test/errtest test/evp_extra_test test/evp_test test/exdatatest test/exptest test/fatalerrtest test/gmdifftest test/gosttest test/hmactest test/ideatest test/igetest test/lhash_test test/md2test test/mdc2_internal_test test/mdc2test test/memleaktest test/modes_internal_test test/ocspapitest test/packettest test/pbelutest test/pemtest test/pkey_meth_kdf_test test/pkey_meth_test test/poly1305_internal_test test/rc2test test/rc4test test/rc5test test/rdrand_sanitytest test/recordlentest test/rsa_complex test/rsa_mp_test test/rsa_test test/sanitytest test/secmemtest test/servername_test test/siphash_internal_test test/sm2_internal_test test/sm4_internal_test test/srptest test/ssl_cert_table_internal_test test/ssl_ctx_test test/ssl_test test/ssl_test_ctx_test test/sslapitest test/sslbuffertest test/sslcorrupttest test/ssltest_old test/stack_test test/sysdefaulttest test/test_test test/threadstest test/time_offset_test test/tls13ccstest test/tls13encryptiontest test/uitest test/v3ext test/v3nametest test/verify_extra_test test/versions test/wpackettest test/x509_check_cert_pkey_test test/x509_dup_cert_test test/x509_internal_test test/x509_time_test test/x509aux   apps/CA.pl apps/tsget.pl tools/c_rehash util/shlib_wrap.sh
rm -f include/crypto/bn_conf.h include/crypto/dso_conf.h include/openssl/opensslconf.h apps/CA.pl apps/progs.h apps/tsget.pl crypto/aes/aesni-x86.s crypto/aes/vpaes-x86.s crypto/bf/bf-586.s crypto/bn/bn-586.s crypto/bn/co-586.s crypto/bn/x86-gf2m.s crypto/bn/x86-mont.s crypto/buildinf.h crypto/camellia/cmll-x86.s crypto/chacha/chacha-x86.s crypto/des/crypt586.s crypto/des/des-586.s crypto/ec/ecp_nistz256-x86.s crypto/md5/md5-586.s crypto/modes/ghash-x86.s crypto/poly1305/poly1305-x86.s crypto/rc4/rc4-586.s crypto/ripemd/rmd-586.s crypto/sha/sha1-586.s crypto/sha/sha256-586.s crypto/sha/sha512-586.s crypto/whrlpool/wp-mmx.s crypto/x86cpuid.s engines/e_padlock-x86.s test/buildtest_aes.c test/buildtest_asn1.c test/buildtest_asn1t.c test/buildtest_async.c test/buildtest_bio.c test/buildtest_blowfish.c test/buildtest_bn.c test/buildtest_buffer.c test/buildtest_camellia.c test/buildtest_cast.c test/buildtest_cmac.c test/buildtest_cms.c test/buildtest_comp.c test/buildtest_conf.c test/buildtest_conf_api.c test/buildtest_crypto.c test/buildtest_ct.c test/buildtest_des.c test/buildtest_dh.c test/buildtest_dsa.c test/buildtest_dtls1.c test/buildtest_e_os2.c test/buildtest_ebcdic.c test/buildtest_ec.c test/buildtest_ecdh.c test/buildtest_ecdsa.c test/buildtest_engine.c test/buildtest_evp.c test/buildtest_hmac.c test/buildtest_idea.c test/buildtest_kdf.c test/buildtest_lhash.c test/buildtest_md4.c test/buildtest_md5.c test/buildtest_mdc2.c test/buildtest_modes.c test/buildtest_obj_mac.c test/buildtest_objects.c test/buildtest_ocsp.c test/buildtest_opensslv.c test/buildtest_ossl_typ.c test/buildtest_pem.c test/buildtest_pem2.c test/buildtest_pkcs12.c test/buildtest_pkcs7.c test/buildtest_rand.c test/buildtest_rand_drbg.c test/buildtest_rc2.c test/buildtest_rc4.c test/buildtest_ripemd.c test/buildtest_rsa.c test/buildtest_safestack.c test/buildtest_seed.c test/buildtest_sha.c test/buildtest_srp.c test/buildtest_srtp.c test/buildtest_ssl.c test/buildtest_ssl2.c test/buildtest_stack.c test/buildtest_store.c test/buildtest_symhacks.c test/buildtest_tls1.c test/buildtest_ts.c test/buildtest_txt_db.c test/buildtest_ui.c test/buildtest_whrlpool.c test/buildtest_x509.c test/buildtest_x509_vfy.c test/buildtest_x509v3.c tools/c_rehash util/shlib_wrap.sh
rm -f `find . -name '*.d' \! -name '.*' \! -type d -print`
rm -f `find . -name '*.o' \! -name '.*' \! -type d -print`
rm -f core
rm -f tags TAGS doc-nits
rm -f -r test/test-runs
rm -f openssl.pc libcrypto.pc libssl.pc
rm -f `find . -type l \! -name '.*' -print`
rm -f configdata.pm
rm -f Makefile
==> Generating TDLib source files
-- The CXX compiler identification is GNU 13.3.0
-- The C compiler identification is GNU 13.3.0
-- Detecting CXX compiler ABI info
-- Detecting CXX compiler ABI info - done
-- Check for working CXX compiler: /usr/bin/c++ - skipped
-- Detecting CXX compile features
-- Detecting CXX compile features - done
-- Detecting C compiler ABI info
-- Detecting C compiler ABI info - done
-- Check for working C compiler: /usr/bin/cc - skipped
-- Detecting C compile features
-- Detecting C compile features - done
-- Could NOT find ccache (this is NOT an error)
-- Performing Test CMAKE_HAVE_LIBC_PTHREAD
-- Performing Test CMAKE_HAVE_LIBC_PTHREAD - Success
-- Found Threads: TRUE
-- Performing Test HAVE_STD17
-- Performing Test HAVE_STD17 - Success
-- Performing Test HAVE_CXX_FLAG_WALL
-- Performing Test HAVE_CXX_FLAG_WALL - Success
-- Performing Test HAVE_CXX_FLAG_WEXTRA
-- Performing Test HAVE_CXX_FLAG_WEXTRA - Success
-- Performing Test HAVE_CXX_FLAG_FLTO_ODR_TYPE_MERGING
-- Performing Test HAVE_CXX_FLAG_FLTO_ODR_TYPE_MERGING - Success
-- Performing Test HAVE_CXX_FLAG_QUNUSED_ARGUMENTS
-- Performing Test HAVE_CXX_FLAG_QUNUSED_ARGUMENTS - Failed
-- Performing Test HAVE_CXX_FLAG_WALLOC_ZERO
-- Performing Test HAVE_CXX_FLAG_WALLOC_ZERO - Success
-- Performing Test HAVE_CXX_FLAG_WCXX17_COMPAT_PEDANTIC
-- Performing Test HAVE_CXX_FLAG_WCXX17_COMPAT_PEDANTIC - Failed
-- Performing Test HAVE_CXX_FLAG_WCAST_QUAL
-- Performing Test HAVE_CXX_FLAG_WCAST_QUAL - Success
-- Performing Test HAVE_CXX_FLAG_WCONVERSION
-- Performing Test HAVE_CXX_FLAG_WCONVERSION - Success
-- Performing Test HAVE_CXX_FLAG_WDEPRECATED
-- Performing Test HAVE_CXX_FLAG_WDEPRECATED - Success
-- Performing Test HAVE_CXX_FLAG_WDUPLICATED_BRANCHES
-- Performing Test HAVE_CXX_FLAG_WDUPLICATED_BRANCHES - Success
-- Performing Test HAVE_CXX_FLAG_WDUPLICATED_COND
-- Performing Test HAVE_CXX_FLAG_WDUPLICATED_COND - Success
-- Performing Test HAVE_CXX_FLAG_WIMPLICIT_FALLTHROUGH_2
-- Performing Test HAVE_CXX_FLAG_WIMPLICIT_FALLTHROUGH_2 - Success
-- Performing Test HAVE_CXX_FLAG_WLOGICAL_OP
-- Performing Test HAVE_CXX_FLAG_WLOGICAL_OP - Success
-- Performing Test HAVE_CXX_FLAG_WPSABI
-- Performing Test HAVE_CXX_FLAG_WPSABI - Success
-- Performing Test HAVE_CXX_FLAG_WSIGN_CONVERSION
-- Performing Test HAVE_CXX_FLAG_WSIGN_CONVERSION - Success
-- Performing Test HAVE_CXX_FLAG_WTAUTOLOGICAL_COMPARE
-- Performing Test HAVE_CXX_FLAG_WTAUTOLOGICAL_COMPARE - Success
-- Performing Test HAVE_CXX_FLAG_WUNKNOWN_WARNING_OPTION
-- Performing Test HAVE_CXX_FLAG_WUNKNOWN_WARNING_OPTION - Failed
-- Performing Test HAVE_CXX_FLAG_WUNUSED_COMMAND_LINE_ARGUMENT
-- Performing Test HAVE_CXX_FLAG_WUNUSED_COMMAND_LINE_ARGUMENT - Failed
-- Performing Test HAVE_CXX_FLAG_WUNUSED_PARAMETER
-- Performing Test HAVE_CXX_FLAG_WUNUSED_PARAMETER - Success
-- Performing Test HAVE_CXX_FLAG_WNON_VIRTUAL_DTOR
-- Performing Test HAVE_CXX_FLAG_WNON_VIRTUAL_DTOR - Success
-- Performing Test HAVE_CXX_FLAG_WODR
-- Performing Test HAVE_CXX_FLAG_WODR - Success
-- Performing Test HAVE_CXX_FLAG_WPOINTER_ARITH
-- Performing Test HAVE_CXX_FLAG_WPOINTER_ARITH - Success
-- Performing Test HAVE_CXX_FLAG_WSIGN_COMPARE
-- Performing Test HAVE_CXX_FLAG_WSIGN_COMPARE - Success
-- Performing Test HAVE_CXX_FLAG_WUNUSED_MEMBER_FUNCTION
-- Performing Test HAVE_CXX_FLAG_WUNUSED_MEMBER_FUNCTION - Failed
-- Performing Test HAVE_CXX_FLAG_WUNUSED_PRIVATE_FIELD
-- Performing Test HAVE_CXX_FLAG_WUNUSED_PRIVATE_FIELD - Failed
-- Performing Test HAVE_CXX_FLAG_WVLA
-- Performing Test HAVE_CXX_FLAG_WVLA - Success
-- Performing Test HAVE_CXX_FLAG_WMAYBE_UNINITIALIZED
-- Performing Test HAVE_CXX_FLAG_WMAYBE_UNINITIALIZED - Success
-- Performing Test HAVE_CXX_FLAG_WREDUNDANT_MOVE
-- Performing Test HAVE_CXX_FLAG_WREDUNDANT_MOVE - Success
-- Performing Test HAVE_CXX_FLAG_WSTRINGOP_OVERFLOW
-- Performing Test HAVE_CXX_FLAG_WSTRINGOP_OVERFLOW - Success
-- Git state: GITDIR-NOTFOUND
-- Performing Test ATOMICS_FOUND
-- Performing Test ATOMICS_FOUND - Success
-- Configuring done (4.0s)
-- Generating done (0.1s)
CMake Warning:
  Manually-specified variables were not used by the project:

    TD_ANDROID_JSON


-- Build files have been written to: /home/runner/work/Master/Master/build/tdlib/build-native-json
[  1%] Building CXX object tdutils/generate/CMakeFiles/generate_mime_types_gperf.dir/generate_mime_types_gperf.cpp.o
[  2%] Linking CXX executable generate_mime_types_gperf
[  2%] Built target generate_mime_types_gperf
[  3%] Generating /home/runner/work/Master/Master/third_party/tdlib/tdutils/generate/auto/mime_type_to_extension.gperf, /home/runner/work/Master/Master/third_party/tdlib/tdutils/generate/auto/extension_to_mime_type.gperf
Extension "wmz" matches more than one type
Extension "sub" matches more than one type
[  4%] Generating /home/runner/work/Master/Master/third_party/tdlib/tdutils/generate/auto/mime_type_to_extension.cpp
[  5%] Generating /home/runner/work/Master/Master/third_party/tdlib/tdutils/generate/auto/extension_to_mime_type.cpp
[  5%] Built target tdmime_auto
[  6%] Building CXX object tdtl/CMakeFiles/tdtl.dir/td/tl/tl_config.cpp.o
[  6%] Building CXX object tdtl/CMakeFiles/tdtl.dir/td/tl/tl_core.cpp.o
[  7%] Building CXX object tdtl/CMakeFiles/tdtl.dir/td/tl/tl_file_outputer.cpp.o
[  8%] Building CXX object tdtl/CMakeFiles/tdtl.dir/td/tl/tl_file_utils.cpp.o
[  9%] Building CXX object tdtl/CMakeFiles/tdtl.dir/td/tl/tl_generate.cpp.o
[ 10%] Building CXX object tdtl/CMakeFiles/tdtl.dir/td/tl/tl_outputer.cpp.o
[ 11%] Building CXX object tdtl/CMakeFiles/tdtl.dir/td/tl/tl_string_outputer.cpp.o
[ 11%] Building CXX object tdtl/CMakeFiles/tdtl.dir/td/tl/tl_writer.cpp.o
[ 12%] Linking CXX static library libtdtl.a
[ 12%] Built target tdtl
[ 13%] Building CXX object td/generate/CMakeFiles/tl_writer_cpp.dir/tl_writer_cpp.cpp.o
[ 13%] Building CXX object td/generate/CMakeFiles/tl_writer_cpp.dir/tl_writer_h.cpp.o
[ 14%] Building CXX object td/generate/CMakeFiles/tl_writer_cpp.dir/tl_writer_hpp.cpp.o
[ 15%] Building CXX object td/generate/CMakeFiles/tl_writer_cpp.dir/tl_writer_jni_cpp.cpp.o
[ 16%] Building CXX object td/generate/CMakeFiles/tl_writer_cpp.dir/tl_writer_jni_h.cpp.o
[ 17%] Building CXX object td/generate/CMakeFiles/tl_writer_cpp.dir/tl_writer_td.cpp.o
[ 18%] Linking CXX static library libtl_writer_cpp.a
[ 18%] Built target tl_writer_cpp
[ 19%] Building CXX object td/generate/CMakeFiles/generate_mtproto.dir/generate_mtproto.cpp.o
[ 20%] Linking CXX executable generate_mtproto
[ 20%] Built target generate_mtproto
[ 21%] Building C object td/generate/tl-parser/CMakeFiles/tl-parser.dir/crc32.c.o
[ 22%] Building C object td/generate/tl-parser/CMakeFiles/tl-parser.dir/tlc.c.o
[ 23%] Building C object td/generate/tl-parser/CMakeFiles/tl-parser.dir/tl-parser.c.o
[ 24%] Linking C executable tl-parser
[ 24%] Built target tl-parser
[ 25%] Generate TLO files
[ 25%] Built target tl_generate_tlo
[ 26%] Generate MTProto API source files
Write file td/mtproto/mtproto_api.cpp
Write file td/mtproto/mtproto_api.h
Write file td/mtproto/mtproto_api.hpp
[ 26%] Built target tl_generate_mtproto
[ 27%] Building CXX object td/generate/CMakeFiles/generate_common.dir/generate_common.cpp.o
[ 28%] Linking CXX executable generate_common
[ 28%] Built target generate_common
[ 29%] Generate common TL source files
Write file td/telegram/telegram_api_0.cpp
Write file td/telegram/telegram_api_1.cpp
Write file td/telegram/telegram_api_2.cpp
Write file td/telegram/telegram_api_3.cpp
Write file td/telegram/telegram_api_4.cpp
Write file td/telegram/telegram_api_5.cpp
Write file td/telegram/telegram_api_6.cpp
Write file td/telegram/telegram_api_7.cpp
Write file td/telegram/telegram_api_8.cpp
Write file td/telegram/telegram_api_9.cpp
Write file td/telegram/telegram_api.h
Write file td/telegram/telegram_api.hpp
Write file td/telegram/secret_api.cpp
Write file td/telegram/secret_api.h
Write file td/telegram/secret_api.hpp
Write file td/telegram/e2e_api.cpp
Write file td/telegram/e2e_api.h
Write file td/telegram/e2e_api.hpp
Write file td/telegram/td_api_0.cpp
Write file td/telegram/td_api_1.cpp
Write file td/telegram/td_api_2.cpp
Write file td/telegram/td_api_3.cpp
Write file td/telegram/td_api_4.cpp
Write file td/telegram/td_api_5.cpp
Write file td/telegram/td_api_6.cpp
Write file td/telegram/td_api_7.cpp
Write file td/telegram/td_api_8.cpp
Write file td/telegram/td_api_9.cpp
Write file td/telegram/td_api.h
Write file td/telegram/td_api.hpp
[ 29%] Built target tl_generate_common
[ 30%] Building CXX object tdutils/CMakeFiles/tdutils.dir/td/utils/port/Clocks.cpp.o
[ 31%] Building CXX object tdutils/CMakeFiles/tdutils.dir/td/utils/port/FileFd.cpp.o
[ 32%] Building CXX object tdutils/CMakeFiles/tdutils.dir/td/utils/port/IPAddress.cpp.o
[ 33%] Building CXX object tdutils/CMakeFiles/tdutils.dir/td/utils/port/MemoryMapping.cpp.o
[ 33%] Building CXX object tdutils/CMakeFiles/tdutils.dir/td/utils/port/path.cpp.o
[ 34%] Building CXX object tdutils/CMakeFiles/tdutils.dir/td/utils/port/platform.cpp.o
[ 35%] Building CXX object tdutils/CMakeFiles/tdutils.dir/td/utils/port/PollFlags.cpp.o
[ 36%] Building CXX object tdutils/CMakeFiles/tdutils.dir/td/utils/port/rlimit.cpp.o
[ 37%] Building CXX object tdutils/CMakeFiles/tdutils.dir/td/utils/port/ServerSocketFd.cpp.o
[ 38%] Building CXX object tdutils/CMakeFiles/tdutils.dir/td/utils/port/signals.cpp.o
[ 38%] Building CXX object tdutils/CMakeFiles/tdutils.dir/td/utils/port/sleep.cpp.o
[ 39%] Building CXX object tdutils/CMakeFiles/tdutils.dir/td/utils/port/SocketFd.cpp.o
[ 40%] Building CXX object tdutils/CMakeFiles/tdutils.dir/td/utils/port/stacktrace.cpp.o
[ 41%] Building CXX object tdutils/CMakeFiles/tdutils.dir/td/utils/port/Stat.cpp.o
[ 42%] Building CXX object tdutils/CMakeFiles/tdutils.dir/td/utils/port/StdStreams.cpp.o
[ 43%] Building CXX object tdutils/CMakeFiles/tdutils.dir/td/utils/port/thread_local.cpp.o
[ 43%] Building CXX object tdutils/CMakeFiles/tdutils.dir/td/utils/port/UdpSocketFd.cpp.o
[ 44%] Building CXX object tdutils/CMakeFiles/tdutils.dir/td/utils/port/uname.cpp.o
[ 45%] Building CXX object tdutils/CMakeFiles/tdutils.dir/td/utils/port/user.cpp.o
[ 46%] Building CXX object tdutils/CMakeFiles/tdutils.dir/td/utils/port/wstring_convert.cpp.o
[ 47%] Building CXX object tdutils/CMakeFiles/tdutils.dir/td/utils/port/detail/Epoll.cpp.o
[ 48%] Building CXX object tdutils/CMakeFiles/tdutils.dir/td/utils/port/detail/EventFdBsd.cpp.o
[ 48%] Building CXX object tdutils/CMakeFiles/tdutils.dir/td/utils/port/detail/EventFdLinux.cpp.o
[ 49%] Building CXX object tdutils/CMakeFiles/tdutils.dir/td/utils/port/detail/EventFdWindows.cpp.o
[ 50%] Building CXX object tdutils/CMakeFiles/tdutils.dir/td/utils/port/detail/Iocp.cpp.o
[ 51%] Building CXX object tdutils/CMakeFiles/tdutils.dir/td/utils/port/detail/KQueue.cpp.o
[ 52%] Building CXX object tdutils/CMakeFiles/tdutils.dir/td/utils/port/detail/NativeFd.cpp.o
[ 53%] Building CXX object tdutils/CMakeFiles/tdutils.dir/td/utils/port/detail/Poll.cpp.o
[ 53%] Building CXX object tdutils/CMakeFiles/tdutils.dir/td/utils/port/detail/Select.cpp.o
[ 54%] Building CXX object tdutils/CMakeFiles/tdutils.dir/td/utils/port/detail/ThreadIdGuard.cpp.o
[ 55%] Building CXX object tdutils/CMakeFiles/tdutils.dir/td/utils/port/detail/ThreadPthread.cpp.o
[ 56%] Building CXX object tdutils/CMakeFiles/tdutils.dir/td/utils/port/detail/WineventPoll.cpp.o
[ 57%] Building CXX object tdutils/CMakeFiles/tdutils.dir/generate/auto/mime_type_to_extension.cpp.o
[ 58%] Building CXX object tdutils/CMakeFiles/tdutils.dir/generate/auto/extension_to_mime_type.cpp.o
[ 58%] Building CXX object tdutils/CMakeFiles/tdutils.dir/td/utils/AsyncFileLog.cpp.o
[ 59%] Building CXX object tdutils/CMakeFiles/tdutils.dir/td/utils/base64.cpp.o
[ 60%] Building CXX object tdutils/CMakeFiles/tdutils.dir/td/utils/BigNum.cpp.o
[ 61%] Building CXX object tdutils/CMakeFiles/tdutils.dir/td/utils/buffer.cpp.o
[ 62%] Building CXX object tdutils/CMakeFiles/tdutils.dir/td/utils/BufferedUdp.cpp.o
[ 63%] Building CXX object tdutils/CMakeFiles/tdutils.dir/td/utils/check.cpp.o
[ 63%] Building CXX object tdutils/CMakeFiles/tdutils.dir/td/utils/crypto.cpp.o
[ 64%] Building CXX object tdutils/CMakeFiles/tdutils.dir/td/utils/Ed25519.cpp.o
[ 65%] Building CXX object tdutils/CMakeFiles/tdutils.dir/td/utils/emoji.cpp.o
[ 66%] Building CXX object tdutils/CMakeFiles/tdutils.dir/td/utils/ExitGuard.cpp.o
[ 67%] Building CXX object tdutils/CMakeFiles/tdutils.dir/td/utils/FileLog.cpp.o
[ 68%] Building CXX object tdutils/CMakeFiles/tdutils.dir/td/utils/filesystem.cpp.o
[ 68%] Building CXX object tdutils/CMakeFiles/tdutils.dir/td/utils/find_boundary.cpp.o
[ 69%] Building CXX object tdutils/CMakeFiles/tdutils.dir/td/utils/FlatHashTable.cpp.o
[ 70%] Building CXX object tdutils/CMakeFiles/tdutils.dir/td/utils/FloodControlGlobal.cpp.o
[ 71%] Building CXX object tdutils/CMakeFiles/tdutils.dir/td/utils/Gzip.cpp.o
[ 72%] Building CXX object tdutils/CMakeFiles/tdutils.dir/td/utils/GzipByteFlow.cpp.o
[ 73%] Building CXX object tdutils/CMakeFiles/tdutils.dir/td/utils/Hints.cpp.o
[ 73%] Building CXX object tdutils/CMakeFiles/tdutils.dir/td/utils/HttpDate.cpp.o
[ 74%] Building CXX object tdutils/CMakeFiles/tdutils.dir/td/utils/HttpUrl.cpp.o
[ 75%] Building CXX object tdutils/CMakeFiles/tdutils.dir/td/utils/JsonBuilder.cpp.o
[ 76%] Building CXX object tdutils/CMakeFiles/tdutils.dir/td/utils/logging.cpp.o
[ 77%] Building CXX object tdutils/CMakeFiles/tdutils.dir/td/utils/misc.cpp.o
[ 78%] Building CXX object tdutils/CMakeFiles/tdutils.dir/td/utils/MpmcQueue.cpp.o
[ 78%] Building CXX object tdutils/CMakeFiles/tdutils.dir/td/utils/OptionParser.cpp.o
[ 79%] Building CXX object tdutils/CMakeFiles/tdutils.dir/td/utils/PathView.cpp.o
[ 80%] Building CXX object tdutils/CMakeFiles/tdutils.dir/td/utils/Random.cpp.o
[ 81%] Building CXX object tdutils/CMakeFiles/tdutils.dir/td/utils/SharedSlice.cpp.o
[ 82%] Building CXX object tdutils/CMakeFiles/tdutils.dir/td/utils/Slice.cpp.o
[ 83%] Building CXX object tdutils/CMakeFiles/tdutils.dir/td/utils/StackAllocator.cpp.o
[ 83%] Building CXX object tdutils/CMakeFiles/tdutils.dir/td/utils/Status.cpp.o
[ 84%] Building CXX object tdutils/CMakeFiles/tdutils.dir/td/utils/StringBuilder.cpp.o
[ 85%] Building CXX object tdutils/CMakeFiles/tdutils.dir/td/utils/tests.cpp.o
[ 86%] Building CXX object tdutils/CMakeFiles/tdutils.dir/td/utils/Time.cpp.o
[ 87%] Building CXX object tdutils/CMakeFiles/tdutils.dir/td/utils/Timer.cpp.o
[ 88%] Building CXX object tdutils/CMakeFiles/tdutils.dir/td/utils/tl_parsers.cpp.o
[ 88%] Building CXX object tdutils/CMakeFiles/tdutils.dir/td/utils/translit.cpp.o
[ 89%] Building CXX object tdutils/CMakeFiles/tdutils.dir/td/utils/TsCerr.cpp.o
[ 90%] Building CXX object tdutils/CMakeFiles/tdutils.dir/td/utils/TsFileLog.cpp.o
[ 91%] Building CXX object tdutils/CMakeFiles/tdutils.dir/td/utils/TsLog.cpp.o
[ 92%] Building CXX object tdutils/CMakeFiles/tdutils.dir/td/utils/unicode.cpp.o
[ 93%] Building CXX object tdutils/CMakeFiles/tdutils.dir/td/utils/utf8.cpp.o
[ 93%] Building CXX object tdutils/CMakeFiles/tdutils.dir/td/utils/MimeType.cpp.o
[ 94%] Linking CXX static library libtdutils.a
[ 94%] Built target tdutils
[ 95%] Building CXX object td/generate/CMakeFiles/generate_json.dir/generate_json.cpp.o
[ 96%] Building CXX object td/generate/CMakeFiles/generate_json.dir/tl_json_converter.cpp.o
[ 96%] Linking CXX executable generate_json
[ 96%] Built target generate_json
[ 97%] Generate JSON TL source files
[ 97%] Built target tl_generate_json
[ 97%] Built target prepare_cross_compiling
[ 97%] Building CXX object td/generate/CMakeFiles/generate_c.dir/generate_c.cpp.o
[ 98%] Linking CXX executable generate_c
[ 98%] Built target generate_c
[ 99%] Building CXX object td/generate/CMakeFiles/td_generate_java_api.dir/generate_java.cpp.o
[ 99%] Building CXX object td/generate/CMakeFiles/td_generate_java_api.dir/tl_writer_java.cpp.o
[100%] Linking CXX executable td_generate_java_api
[100%] Built target td_generate_java_api
==> Building TDLib JSON interface for arm64-v8a
CMake Deprecation Warning at /usr/local/lib/android/sdk/ndk/26.3.11579264/build/cmake/android.toolchain.cmake:34 (cmake_minimum_required):
  Compatibility with CMake < 3.10 will be removed from a future version of
  CMake.

  Update the VERSION argument <min> value.  Or, use the <min>...<max> syntax
  to tell CMake that the project requires at least <min> but has been updated
  to work with policies introduced by <max> or earlier.
Call Stack (most recent call first):
  /usr/local/share/cmake-3.31/Modules/CMakeDetermineSystem.cmake:146 (include)
  CMakeLists.txt:3 (project)


CMake Deprecation Warning at /usr/local/lib/android/sdk/ndk/26.3.11579264/build/cmake/android-legacy.toolchain.cmake:34 (cmake_minimum_required):
  Compatibility with CMake < 3.10 will be removed from a future version of
  CMake.

  Update the VERSION argument <min> value.  Or, use the <min>...<max> syntax
  to tell CMake that the project requires at least <min> but has been updated
  to work with policies introduced by <max> or earlier.
Call Stack (most recent call first):
  /usr/local/lib/android/sdk/ndk/26.3.11579264/build/cmake/android.toolchain.cmake:54 (include)
  /usr/local/share/cmake-3.31/Modules/CMakeDetermineSystem.cmake:146 (include)
  CMakeLists.txt:3 (project)


CMake Deprecation Warning at /usr/local/lib/android/sdk/ndk/26.3.11579264/build/cmake/android.toolchain.cmake:34 (cmake_minimum_required):
  Compatibility with CMake < 3.10 will be removed from a future version of
  CMake.

  Update the VERSION argument <min> value.  Or, use the <min>...<max> syntax
  to tell CMake that the project requires at least <min> but has been updated
  to work with policies introduced by <max> or earlier.
Call Stack (most recent call first):
  /home/runner/work/Master/Master/build/tdlib/build-arm64-v8a/CMakeFiles/3.31.6/CMakeSystem.cmake:6 (include)
  CMakeLists.txt:3 (project)


-- The CXX compiler identification is Clang 17.0.2
-- The C compiler identification is Clang 17.0.2
-- Detecting CXX compiler ABI info
CMake Deprecation Warning at /usr/local/lib/android/sdk/ndk/26.3.11579264/build/cmake/android.toolchain.cmake:34 (cmake_minimum_required):
  Compatibility with CMake < 3.10 will be removed from a future version of
  CMake.

  Update the VERSION argument <min> value.  Or, use the <min>...<max> syntax
  to tell CMake that the project requires at least <min> but has been updated
  to work with policies introduced by <max> or earlier.
Call Stack (most recent call first):
  /home/runner/work/Master/Master/build/tdlib/build-arm64-v8a/CMakeFiles/3.31.6/CMakeSystem.cmake:6 (include)
  /home/runner/work/Master/Master/build/tdlib/build-arm64-v8a/CMakeFiles/CMakeScratch/TryCompile-M3Dk4X/CMakeLists.txt:4 (project)


CMake Deprecation Warning at /usr/local/lib/android/sdk/ndk/26.3.11579264/build/cmake/android-legacy.toolchain.cmake:34 (cmake_minimum_required):
  Compatibility with CMake < 3.10 will be removed from a future version of
  CMake.

  Update the VERSION argument <min> value.  Or, use the <min>...<max> syntax
  to tell CMake that the project requires at least <min> but has been updated
  to work with policies introduced by <max> or earlier.
Call Stack (most recent call first):
  /usr/local/lib/android/sdk/ndk/26.3.11579264/build/cmake/android.toolchain.cmake:54 (include)
  /home/runner/work/Master/Master/build/tdlib/build-arm64-v8a/CMakeFiles/3.31.6/CMakeSystem.cmake:6 (include)
  /home/runner/work/Master/Master/build/tdlib/build-arm64-v8a/CMakeFiles/CMakeScratch/TryCompile-M3Dk4X/CMakeLists.txt:4 (project)


-- Detecting CXX compiler ABI info - done
-- Check for working CXX compiler: /usr/local/lib/android/sdk/ndk/26.3.11579264/toolchains/llvm/prebuilt/linux-x86_64/bin/clang++ - skipped
-- Detecting CXX compile features
-- Detecting CXX compile features - done
-- Detecting C compiler ABI info
CMake Deprecation Warning at /usr/local/lib/android/sdk/ndk/26.3.11579264/build/cmake/android.toolchain.cmake:34 (cmake_minimum_required):
  Compatibility with CMake < 3.10 will be removed from a future version of
  CMake.

  Update the VERSION argument <min> value.  Or, use the <min>...<max> syntax
  to tell CMake that the project requires at least <min> but has been updated
  to work with policies introduced by <max> or earlier.
Call Stack (most recent call first):
  /home/runner/work/Master/Master/build/tdlib/build-arm64-v8a/CMakeFiles/3.31.6/CMakeSystem.cmake:6 (include)
  /home/runner/work/Master/Master/build/tdlib/build-arm64-v8a/CMakeFiles/CMakeScratch/TryCompile-dBYkvk/CMakeLists.txt:4 (project)


CMake Deprecation Warning at /usr/local/lib/android/sdk/ndk/26.3.11579264/build/cmake/android-legacy.toolchain.cmake:34 (cmake_minimum_required):
  Compatibility with CMake < 3.10 will be removed from a future version of
  CMake.

  Update the VERSION argument <min> value.  Or, use the <min>...<max> syntax
  to tell CMake that the project requires at least <min> but has been updated
  to work with policies introduced by <max> or earlier.
Call Stack (most recent call first):
  /usr/local/lib/android/sdk/ndk/26.3.11579264/build/cmake/android.toolchain.cmake:54 (include)
  /home/runner/work/Master/Master/build/tdlib/build-arm64-v8a/CMakeFiles/3.31.6/CMakeSystem.cmake:6 (include)
  /home/runner/work/Master/Master/build/tdlib/build-arm64-v8a/CMakeFiles/CMakeScratch/TryCompile-dBYkvk/CMakeLists.txt:4 (project)


-- Detecting C compiler ABI info - done
-- Check for working C compiler: /usr/local/lib/android/sdk/ndk/26.3.11579264/toolchains/llvm/prebuilt/linux-x86_64/bin/clang - skipped
-- Detecting C compile features
-- Detecting C compile features - done
-- Could NOT find ccache (this is NOT an error)
-- Could NOT find OpenSSL, try to set the path to OpenSSL root folder in the system variable OPENSSL_ROOT_DIR (missing: OPENSSL_CRYPTO_LIBRARY OPENSSL_INCLUDE_DIR) 
-- Performing Test CMAKE_HAVE_LIBC_PTHREAD
CMake Deprecation Warning at /usr/local/lib/android/sdk/ndk/26.3.11579264/build/cmake/android.toolchain.cmake:34 (cmake_minimum_required):
  Compatibility with CMake < 3.10 will be removed from a future version of
  CMake.

  Update the VERSION argument <min> value.  Or, use the <min>...<max> syntax
  to tell CMake that the project requires at least <min> but has been updated
  to work with policies introduced by <max> or earlier.
Call Stack (most recent call first):
  /home/runner/work/Master/Master/build/tdlib/build-arm64-v8a/CMakeFiles/3.31.6/CMakeSystem.cmake:6 (include)
  /home/runner/work/Master/Master/build/tdlib/build-arm64-v8a/CMakeFiles/CMakeScratch/TryCompile-soD6vF/CMakeLists.txt:5 (project)


CMake Deprecation Warning at /usr/local/lib/android/sdk/ndk/26.3.11579264/build/cmake/android-legacy.toolchain.cmake:34 (cmake_minimum_required):
  Compatibility with CMake < 3.10 will be removed from a future version of
  CMake.

  Update the VERSION argument <min> value.  Or, use the <min>...<max> syntax
  to tell CMake that the project requires at least <min> but has been updated
  to work with policies introduced by <max> or earlier.
Call Stack (most recent call first):
  /usr/local/lib/android/sdk/ndk/26.3.11579264/build/cmake/android.toolchain.cmake:54 (include)
  /home/runner/work/Master/Master/build/tdlib/build-arm64-v8a/CMakeFiles/3.31.6/CMakeSystem.cmake:6 (include)
  /home/runner/work/Master/Master/build/tdlib/build-arm64-v8a/CMakeFiles/CMakeScratch/TryCompile-soD6vF/CMakeLists.txt:5 (project)


-- Performing Test CMAKE_HAVE_LIBC_PTHREAD - Failed
-- Check if compiler accepts -pthread
CMake Deprecation Warning at /usr/local/lib/android/sdk/ndk/26.3.11579264/build/cmake/android.toolchain.cmake:34 (cmake_minimum_required):
  Compatibility with CMake < 3.10 will be removed from a future version of
  CMake.

  Update the VERSION argument <min> value.  Or, use the <min>...<max> syntax
  to tell CMake that the project requires at least <min> but has been updated
  to work with policies introduced by <max> or earlier.
Call Stack (most recent call first):
  /home/runner/work/Master/Master/build/tdlib/build-arm64-v8a/CMakeFiles/3.31.6/CMakeSystem.cmake:6 (include)
  /home/runner/work/Master/Master/build/tdlib/build-arm64-v8a/CMakeFiles/CMakeScratch/TryCompile-O19v5Y/CMakeLists.txt:5 (project)


CMake Deprecation Warning at /usr/local/lib/android/sdk/ndk/26.3.11579264/build/cmake/android-legacy.toolchain.cmake:34 (cmake_minimum_required):
  Compatibility with CMake < 3.10 will be removed from a future version of
  CMake.

  Update the VERSION argument <min> value.  Or, use the <min>...<max> syntax
  to tell CMake that the project requires at least <min> but has been updated
  to work with policies introduced by <max> or earlier.
Call Stack (most recent call first):
  /usr/local/lib/android/sdk/ndk/26.3.11579264/build/cmake/android.toolchain.cmake:54 (include)
  /home/runner/work/Master/Master/build/tdlib/build-arm64-v8a/CMakeFiles/3.31.6/CMakeSystem.cmake:6 (include)
  /home/runner/work/Master/Master/build/tdlib/build-arm64-v8a/CMakeFiles/CMakeScratch/TryCompile-O19v5Y/CMakeLists.txt:5 (project)


-- Check if compiler accepts -pthread - yes
-- Found Threads: TRUE
-- Performing Test HAVE_STD17
CMake Deprecation Warning at /usr/local/lib/android/sdk/ndk/26.3.11579264/build/cmake/android.toolchain.cmake:34 (cmake_minimum_required):
  Compatibility with CMake < 3.10 will be removed from a future version of
  CMake.

  Update the VERSION argument <min> value.  Or, use the <min>...<max> syntax
  to tell CMake that the project requires at least <min> but has been updated
  to work with policies introduced by <max> or earlier.
Call Stack (most recent call first):
  /home/runner/work/Master/Master/build/tdlib/build-arm64-v8a/CMakeFiles/3.31.6/CMakeSystem.cmake:6 (include)
  /home/runner/work/Master/Master/build/tdlib/build-arm64-v8a/CMakeFiles/CMakeScratch/TryCompile-6IDerV/CMakeLists.txt:5 (project)


CMake Deprecation Warning at /usr/local/lib/android/sdk/ndk/26.3.11579264/build/cmake/android-legacy.toolchain.cmake:34 (cmake_minimum_required):
  Compatibility with CMake < 3.10 will be removed from a future version of
  CMake.

  Update the VERSION argument <min> value.  Or, use the <min>...<max> syntax
  to tell CMake that the project requires at least <min> but has been updated
  to work with policies introduced by <max> or earlier.
Call Stack (most recent call first):
  /usr/local/lib/android/sdk/ndk/26.3.11579264/build/cmake/android.toolchain.cmake:54 (include)
  /home/runner/work/Master/Master/build/tdlib/build-arm64-v8a/CMakeFiles/3.31.6/CMakeSystem.cmake:6 (include)
  /home/runner/work/Master/Master/build/tdlib/build-arm64-v8a/CMakeFiles/CMakeScratch/TryCompile-6IDerV/CMakeLists.txt:5 (project)


-- Performing Test HAVE_STD17 - Success
-- Performing Test HAVE_CXX_FLAG_WALL
CMake Deprecation Warning at /usr/local/lib/android/sdk/ndk/26.3.11579264/build/cmake/android.toolchain.cmake:34 (cmake_minimum_required):
  Compatibility with CMake < 3.10 will be removed from a future version of
  CMake.

  Update the VERSION argument <min> value.  Or, use the <min>...<max> syntax
  to tell CMake that the project requires at least <min> but has been updated
  to work with policies introduced by <max> or earlier.
Call Stack (most recent call first):
  /home/runner/work/Master/Master/build/tdlib/build-arm64-v8a/CMakeFiles/3.31.6/CMakeSystem.cmake:6 (include)
  /home/runner/work/Master/Master/build/tdlib/build-arm64-v8a/CMakeFiles/CMakeScratch/TryCompile-brmOWa/CMakeLists.txt:5 (project)


CMake Deprecation Warning at /usr/local/lib/android/sdk/ndk/26.3.11579264/build/cmake/android-legacy.toolchain.cmake:34 (cmake_minimum_required):
  Compatibility with CMake < 3.10 will be removed from a future version of
  CMake.

  Update the VERSION argument <min> value.  Or, use the <min>...<max> syntax
  to tell CMake that the project requires at least <min> but has been updated
  to work with policies introduced by <max> or earlier.
Call Stack (most recent call first):
  /usr/local/lib/android/sdk/ndk/26.3.11579264/build/cmake/android.toolchain.cmake:54 (include)
  /home/runner/work/Master/Master/build/tdlib/build-arm64-v8a/CMakeFiles/3.31.6/CMakeSystem.cmake:6 (include)
  /home/runner/work/Master/Master/build/tdlib/build-arm64-v8a/CMakeFiles/CMakeScratch/TryCompile-brmOWa/CMakeLists.txt:5 (project)


-- Performing Test HAVE_CXX_FLAG_WALL - Success
-- Performing Test HAVE_CXX_FLAG_WEXTRA
CMake Deprecation Warning at /usr/local/lib/android/sdk/ndk/26.3.11579264/build/cmake/android.toolchain.cmake:34 (cmake_minimum_required):
  Compatibility with CMake < 3.10 will be removed from a future version of
  CMake.

  Update the VERSION argument <min> value.  Or, use the <min>...<max> syntax
  to tell CMake that the project requires at least <min> but has been updated
  to work with policies introduced by <max> or earlier.
Call Stack (most recent call first):
  /home/runner/work/Master/Master/build/tdlib/build-arm64-v8a/CMakeFiles/3.31.6/CMakeSystem.cmake:6 (include)
  /home/runner/work/Master/Master/build/tdlib/build-arm64-v8a/CMakeFiles/CMakeScratch/TryCompile-2dU1UF/CMakeLists.txt:5 (project)


CMake Deprecation Warning at /usr/local/lib/android/sdk/ndk/26.3.11579264/build/cmake/android-legacy.toolchain.cmake:34 (cmake_minimum_required):
  Compatibility with CMake < 3.10 will be removed from a future version of
  CMake.

  Update the VERSION argument <min> value.  Or, use the <min>...<max> syntax
  to tell CMake that the project requires at least <min> but has been updated
  to work with policies introduced by <max> or earlier.
Call Stack (most recent call first):
  /usr/local/lib/android/sdk/ndk/26.3.11579264/build/cmake/android.toolchain.cmake:54 (include)
  /home/runner/work/Master/Master/build/tdlib/build-arm64-v8a/CMakeFiles/3.31.6/CMakeSystem.cmake:6 (include)
  /home/runner/work/Master/Master/build/tdlib/build-arm64-v8a/CMakeFiles/CMakeScratch/TryCompile-2dU1UF/CMakeLists.txt:5 (project)


-- Performing Test HAVE_CXX_FLAG_WEXTRA - Success
-- Performing Test HAVE_CXX_FLAG_FLTO_ODR_TYPE_MERGING
CMake Deprecation Warning at /usr/local/lib/android/sdk/ndk/26.3.11579264/build/cmake/android.toolchain.cmake:34 (cmake_minimum_required):
  Compatibility with CMake < 3.10 will be removed from a future version of
  CMake.

  Update the VERSION argument <min> value.  Or, use the <min>...<max> syntax
  to tell CMake that the project requires at least <min> but has been updated
  to work with policies introduced by <max> or earlier.
Call Stack (most recent call first):
  /home/runner/work/Master/Master/build/tdlib/build-arm64-v8a/CMakeFiles/3.31.6/CMakeSystem.cmake:6 (include)
  /home/runner/work/Master/Master/build/tdlib/build-arm64-v8a/CMakeFiles/CMakeScratch/TryCompile-PiUJi0/CMakeLists.txt:5 (project)


CMake Deprecation Warning at /usr/local/lib/android/sdk/ndk/26.3.11579264/build/cmake/android-legacy.toolchain.cmake:34 (cmake_minimum_required):
  Compatibility with CMake < 3.10 will be removed from a future version of
  CMake.

  Update the VERSION argument <min> value.  Or, use the <min>...<max> syntax
  to tell CMake that the project requires at least <min> but has been updated
  to work with policies introduced by <max> or earlier.
Call Stack (most recent call first):
  /usr/local/lib/android/sdk/ndk/26.3.11579264/build/cmake/android.toolchain.cmake:54 (include)
  /home/runner/work/Master/Master/build/tdlib/build-arm64-v8a/CMakeFiles/3.31.6/CMakeSystem.cmake:6 (include)
  /home/runner/work/Master/Master/build/tdlib/build-arm64-v8a/CMakeFiles/CMakeScratch/TryCompile-PiUJi0/CMakeLists.txt:5 (project)


-- Performing Test HAVE_CXX_FLAG_FLTO_ODR_TYPE_MERGING - Failed
-- Performing Test HAVE_CXX_FLAG_QUNUSED_ARGUMENTS
CMake Deprecation Warning at /usr/local/lib/android/sdk/ndk/26.3.11579264/build/cmake/android.toolchain.cmake:34 (cmake_minimum_required):
  Compatibility with CMake < 3.10 will be removed from a future version of
  CMake.

  Update the VERSION argument <min> value.  Or, use the <min>...<max> syntax
  to tell CMake that the project requires at least <min> but has been updated
  to work with policies introduced by <max> or earlier.
Call Stack (most recent call first):
  /home/runner/work/Master/Master/build/tdlib/build-arm64-v8a/CMakeFiles/3.31.6/CMakeSystem.cmake:6 (include)
  /home/runner/work/Master/Master/build/tdlib/build-arm64-v8a/CMakeFiles/CMakeScratch/TryCompile-dcaCWs/CMakeLists.txt:5 (project)


CMake Deprecation Warning at /usr/local/lib/android/sdk/ndk/26.3.11579264/build/cmake/android-legacy.toolchain.cmake:34 (cmake_minimum_required):
  Compatibility with CMake < 3.10 will be removed from a future version of
  CMake.

  Update the VERSION argument <min> value.  Or, use the <min>...<max> syntax
  to tell CMake that the project requires at least <min> but has been updated
  to work with policies introduced by <max> or earlier.
Call Stack (most recent call first):
  /usr/local/lib/android/sdk/ndk/26.3.11579264/build/cmake/android.toolchain.cmake:54 (include)
  /home/runner/work/Master/Master/build/tdlib/build-arm64-v8a/CMakeFiles/3.31.6/CMakeSystem.cmake:6 (include)
  /home/runner/work/Master/Master/build/tdlib/build-arm64-v8a/CMakeFiles/CMakeScratch/TryCompile-dcaCWs/CMakeLists.txt:5 (project)


-- Performing Test HAVE_CXX_FLAG_QUNUSED_ARGUMENTS - Success
-- Performing Test HAVE_CXX_FLAG_WALLOC_ZERO
CMake Deprecation Warning at /usr/local/lib/android/sdk/ndk/26.3.11579264/build/cmake/android.toolchain.cmake:34 (cmake_minimum_required):
  Compatibility with CMake < 3.10 will be removed from a future version of
  CMake.

  Update the VERSION argument <min> value.  Or, use the <min>...<max> syntax
  to tell CMake that the project requires at least <min> but has been updated
  to work with policies introduced by <max> or earlier.
Call Stack (most recent call first):
  /home/runner/work/Master/Master/build/tdlib/build-arm64-v8a/CMakeFiles/3.31.6/CMakeSystem.cmake:6 (include)
  /home/runner/work/Master/Master/build/tdlib/build-arm64-v8a/CMakeFiles/CMakeScratch/TryCompile-EyrhDS/CMakeLists.txt:5 (project)


CMake Deprecation Warning at /usr/local/lib/android/sdk/ndk/26.3.11579264/build/cmake/android-legacy.toolchain.cmake:34 (cmake_minimum_required):
  Compatibility with CMake < 3.10 will be removed from a future version of
  CMake.

  Update the VERSION argument <min> value.  Or, use the <min>...<max> syntax
  to tell CMake that the project requires at least <min> but has been updated
  to work with policies introduced by <max> or earlier.
Call Stack (most recent call first):
  /usr/local/lib/android/sdk/ndk/26.3.11579264/build/cmake/android.toolchain.cmake:54 (include)
  /home/runner/work/Master/Master/build/tdlib/build-arm64-v8a/CMakeFiles/3.31.6/CMakeSystem.cmake:6 (include)
  /home/runner/work/Master/Master/build/tdlib/build-arm64-v8a/CMakeFiles/CMakeScratch/TryCompile-EyrhDS/CMakeLists.txt:5 (project)


-- Performing Test HAVE_CXX_FLAG_WALLOC_ZERO - Failed
-- Performing Test HAVE_CXX_FLAG_WCXX17_COMPAT_PEDANTIC
CMake Deprecation Warning at /usr/local/lib/android/sdk/ndk/26.3.11579264/build/cmake/android.toolchain.cmake:34 (cmake_minimum_required):
  Compatibility with CMake < 3.10 will be removed from a future version of
  CMake.

  Update the VERSION argument <min> value.  Or, use the <min>...<max> syntax
  to tell CMake that the project requires at least <min> but has been updated
  to work with policies introduced by <max> or earlier.
Call Stack (most recent call first):
  /home/runner/work/Master/Master/build/tdlib/build-arm64-v8a/CMakeFiles/3.31.6/CMakeSystem.cmake:6 (include)
  /home/runner/work/Master/Master/build/tdlib/build-arm64-v8a/CMakeFiles/CMakeScratch/TryCompile-P5gwts/CMakeLists.txt:5 (project)


CMake Deprecation Warning at /usr/local/lib/android/sdk/ndk/26.3.11579264/build/cmake/android-legacy.toolchain.cmake:34 (cmake_minimum_required):
  Compatibility with CMake < 3.10 will be removed from a future version of
  CMake.

  Update the VERSION argument <min> value.  Or, use the <min>...<max> syntax
  to tell CMake that the project requires at least <min> but has been updated
  to work with policies introduced by <max> or earlier.
Call Stack (most recent call first):
  /usr/local/lib/android/sdk/ndk/26.3.11579264/build/cmake/android.toolchain.cmake:54 (include)
  /home/runner/work/Master/Master/build/tdlib/build-arm64-v8a/CMakeFiles/3.31.6/CMakeSystem.cmake:6 (include)
  /home/runner/work/Master/Master/build/tdlib/build-arm64-v8a/CMakeFiles/CMakeScratch/TryCompile-P5gwts/CMakeLists.txt:5 (project)


-- Performing Test HAVE_CXX_FLAG_WCXX17_COMPAT_PEDANTIC - Success
-- Performing Test HAVE_CXX_FLAG_WCAST_QUAL
CMake Deprecation Warning at /usr/local/lib/android/sdk/ndk/26.3.11579264/build/cmake/android.toolchain.cmake:34 (cmake_minimum_required):
  Compatibility with CMake < 3.10 will be removed from a future version of
  CMake.

  Update the VERSION argument <min> value.  Or, use the <min>...<max> syntax
  to tell CMake that the project requires at least <min> but has been updated
  to work with policies introduced by <max> or earlier.
Call Stack (most recent call first):
  /home/runner/work/Master/Master/build/tdlib/build-arm64-v8a/CMakeFiles/3.31.6/CMakeSystem.cmake:6 (include)
  /home/runner/work/Master/Master/build/tdlib/build-arm64-v8a/CMakeFiles/CMakeScratch/TryCompile-jckqCU/CMakeLists.txt:5 (project)


CMake Deprecation Warning at /usr/local/lib/android/sdk/ndk/26.3.11579264/build/cmake/android-legacy.toolchain.cmake:34 (cmake_minimum_required):
  Compatibility with CMake < 3.10 will be removed from a future version of
  CMake.

  Update the VERSION argument <min> value.  Or, use the <min>...<max> syntax
  to tell CMake that the project requires at least <min> but has been updated
  to work with policies introduced by <max> or earlier.
Call Stack (most recent call first):
  /usr/local/lib/android/sdk/ndk/26.3.11579264/build/cmake/android.toolchain.cmake:54 (include)
  /home/runner/work/Master/Master/build/tdlib/build-arm64-v8a/CMakeFiles/3.31.6/CMakeSystem.cmake:6 (include)
  /home/runner/work/Master/Master/build/tdlib/build-arm64-v8a/CMakeFiles/CMakeScratch/TryCompile-jckqCU/CMakeLists.txt:5 (project)


-- Performing Test HAVE_CXX_FLAG_WCAST_QUAL - Success
-- Performing Test HAVE_CXX_FLAG_WCONVERSION
CMake Deprecation Warning at /usr/local/lib/android/sdk/ndk/26.3.11579264/build/cmake/android.toolchain.cmake:34 (cmake_minimum_required):
  Compatibility with CMake < 3.10 will be removed from a future version of
  CMake.

  Update the VERSION argument <min> value.  Or, use the <min>...<max> syntax
  to tell CMake that the project requires at least <min> but has been updated
  to work with policies introduced by <max> or earlier.
Call Stack (most recent call first):
  /home/runner/work/Master/Master/build/tdlib/build-arm64-v8a/CMakeFiles/3.31.6/CMakeSystem.cmake:6 (include)
  /home/runner/work/Master/Master/build/tdlib/build-arm64-v8a/CMakeFiles/CMakeScratch/TryCompile-9hxCvF/CMakeLists.txt:5 (project)


CMake Deprecation Warning at /usr/local/lib/android/sdk/ndk/26.3.11579264/build/cmake/android-legacy.toolchain.cmake:34 (cmake_minimum_required):
  Compatibility with CMake < 3.10 will be removed from a future version of
  CMake.

  Update the VERSION argument <min> value.  Or, use the <min>...<max> syntax
  to tell CMake that the project requires at least <min> but has been updated
  to work with policies introduced by <max> or earlier.
Call Stack (most recent call first):
  /usr/local/lib/android/sdk/ndk/26.3.11579264/build/cmake/android.toolchain.cmake:54 (include)
  /home/runner/work/Master/Master/build/tdlib/build-arm64-v8a/CMakeFiles/3.31.6/CMakeSystem.cmake:6 (include)
  /home/runner/work/Master/Master/build/tdlib/build-arm64-v8a/CMakeFiles/CMakeScratch/TryCompile-9hxCvF/CMakeLists.txt:5 (project)


-- Performing Test HAVE_CXX_FLAG_WCONVERSION - Success
-- Performing Test HAVE_CXX_FLAG_WDEPRECATED
CMake Deprecation Warning at /usr/local/lib/android/sdk/ndk/26.3.11579264/build/cmake/android.toolchain.cmake:34 (cmake_minimum_required):
  Compatibility with CMake < 3.10 will be removed from a future version of
  CMake.

  Update the VERSION argument <min> value.  Or, use the <min>...<max> syntax
  to tell CMake that the project requires at least <min> but has been updated
  to work with policies introduced by <max> or earlier.
Call Stack (most recent call first):
  /home/runner/work/Master/Master/build/tdlib/build-arm64-v8a/CMakeFiles/3.31.6/CMakeSystem.cmake:6 (include)
  /home/runner/work/Master/Master/build/tdlib/build-arm64-v8a/CMakeFiles/CMakeScratch/TryCompile-R5qSil/CMakeLists.txt:5 (project)


CMake Deprecation Warning at /usr/local/lib/android/sdk/ndk/26.3.11579264/build/cmake/android-legacy.toolchain.cmake:34 (cmake_minimum_required):
  Compatibility with CMake < 3.10 will be removed from a future version of
  CMake.

  Update the VERSION argument <min> value.  Or, use the <min>...<max> syntax
  to tell CMake that the project requires at least <min> but has been updated
  to work with policies introduced by <max> or earlier.
Call Stack (most recent call first):
  /usr/local/lib/android/sdk/ndk/26.3.11579264/build/cmake/android.toolchain.cmake:54 (include)
  /home/runner/work/Master/Master/build/tdlib/build-arm64-v8a/CMakeFiles/3.31.6/CMakeSystem.cmake:6 (include)
  /home/runner/work/Master/Master/build/tdlib/build-arm64-v8a/CMakeFiles/CMakeScratch/TryCompile-R5qSil/CMakeLists.txt:5 (project)


-- Performing Test HAVE_CXX_FLAG_WDEPRECATED - Success
-- Performing Test HAVE_CXX_FLAG_WDUPLICATED_BRANCHES
CMake Deprecation Warning at /usr/local/lib/android/sdk/ndk/26.3.11579264/build/cmake/android.toolchain.cmake:34 (cmake_minimum_required):
  Compatibility with CMake < 3.10 will be removed from a future version of
  CMake.

  Update the VERSION argument <min> value.  Or, use the <min>...<max> syntax
  to tell CMake that the project requires at least <min> but has been updated
  to work with policies introduced by <max> or earlier.
Call Stack (most recent call first):
  /home/runner/work/Master/Master/build/tdlib/build-arm64-v8a/CMakeFiles/3.31.6/CMakeSystem.cmake:6 (include)
  /home/runner/work/Master/Master/build/tdlib/build-arm64-v8a/CMakeFiles/CMakeScratch/TryCompile-tLPUtE/CMakeLists.txt:5 (project)


CMake Deprecation Warning at /usr/local/lib/android/sdk/ndk/26.3.11579264/build/cmake/android-legacy.toolchain.cmake:34 (cmake_minimum_required):
  Compatibility with CMake < 3.10 will be removed from a future version of
  CMake.

  Update the VERSION argument <min> value.  Or, use the <min>...<max> syntax
  to tell CMake that the project requires at least <min> but has been updated
  to work with policies introduced by <max> or earlier.
Call Stack (most recent call first):
  /usr/local/lib/android/sdk/ndk/26.3.11579264/build/cmake/android.toolchain.cmake:54 (include)
  /home/runner/work/Master/Master/build/tdlib/build-arm64-v8a/CMakeFiles/3.31.6/CMakeSystem.cmake:6 (include)
  /home/runner/work/Master/Master/build/tdlib/build-arm64-v8a/CMakeFiles/CMakeScratch/TryCompile-tLPUtE/CMakeLists.txt:5 (project)


-- Performing Test HAVE_CXX_FLAG_WDUPLICATED_BRANCHES - Failed
-- Performing Test HAVE_CXX_FLAG_WDUPLICATED_COND
CMake Deprecation Warning at /usr/local/lib/android/sdk/ndk/26.3.11579264/build/cmake/android.toolchain.cmake:34 (cmake_minimum_required):
  Compatibility with CMake < 3.10 will be removed from a future version of
  CMake.

  Update the VERSION argument <min> value.  Or, use the <min>...<max> syntax
  to tell CMake that the project requires at least <min> but has been updated
  to work with policies introduced by <max> or earlier.
Call Stack (most recent call first):
  /home/runner/work/Master/Master/build/tdlib/build-arm64-v8a/CMakeFiles/3.31.6/CMakeSystem.cmake:6 (include)
  /home/runner/work/Master/Master/build/tdlib/build-arm64-v8a/CMakeFiles/CMakeScratch/TryCompile-jpfwBm/CMakeLists.txt:5 (project)


CMake Deprecation Warning at /usr/local/lib/android/sdk/ndk/26.3.11579264/build/cmake/android-legacy.toolchain.cmake:34 (cmake_minimum_required):
  Compatibility with CMake < 3.10 will be removed from a future version of
  CMake.

  Update the VERSION argument <min> value.  Or, use the <min>...<max> syntax
  to tell CMake that the project requires at least <min> but has been updated
  to work with policies introduced by <max> or earlier.
Call Stack (most recent call first):
  /usr/local/lib/android/sdk/ndk/26.3.11579264/build/cmake/android.toolchain.cmake:54 (include)
  /home/runner/work/Master/Master/build/tdlib/build-arm64-v8a/CMakeFiles/3.31.6/CMakeSystem.cmake:6 (include)
  /home/runner/work/Master/Master/build/tdlib/build-arm64-v8a/CMakeFiles/CMakeScratch/TryCompile-jpfwBm/CMakeLists.txt:5 (project)


-- Performing Test HAVE_CXX_FLAG_WDUPLICATED_COND - Failed
-- Performing Test HAVE_CXX_FLAG_WIMPLICIT_FALLTHROUGH_2
CMake Deprecation Warning at /usr/local/lib/android/sdk/ndk/26.3.11579264/build/cmake/android.toolchain.cmake:34 (cmake_minimum_required):
  Compatibility with CMake < 3.10 will be removed from a future version of
  CMake.

  Update the VERSION argument <min> value.  Or, use the <min>...<max> syntax
  to tell CMake that the project requires at least <min> but has been updated
  to work with policies introduced by <max> or earlier.
Call Stack (most recent call first):
  /home/runner/work/Master/Master/build/tdlib/build-arm64-v8a/CMakeFiles/3.31.6/CMakeSystem.cmake:6 (include)
  /home/runner/work/Master/Master/build/tdlib/build-arm64-v8a/CMakeFiles/CMakeScratch/TryCompile-dGoppS/CMakeLists.txt:5 (project)


CMake Deprecation Warning at /usr/local/lib/android/sdk/ndk/26.3.11579264/build/cmake/android-legacy.toolchain.cmake:34 (cmake_minimum_required):
  Compatibility with CMake < 3.10 will be removed from a future version of
  CMake.

  Update the VERSION argument <min> value.  Or, use the <min>...<max> syntax
  to tell CMake that the project requires at least <min> but has been updated
  to work with policies introduced by <max> or earlier.
Call Stack (most recent call first):
  /usr/local/lib/android/sdk/ndk/26.3.11579264/build/cmake/android.toolchain.cmake:54 (include)
  /home/runner/work/Master/Master/build/tdlib/build-arm64-v8a/CMakeFiles/3.31.6/CMakeSystem.cmake:6 (include)
  /home/runner/work/Master/Master/build/tdlib/build-arm64-v8a/CMakeFiles/CMakeScratch/TryCompile-dGoppS/CMakeLists.txt:5 (project)


-- Performing Test HAVE_CXX_FLAG_WIMPLICIT_FALLTHROUGH_2 - Failed
-- Performing Test HAVE_CXX_FLAG_WLOGICAL_OP
CMake Deprecation Warning at /usr/local/lib/android/sdk/ndk/26.3.11579264/build/cmake/android.toolchain.cmake:34 (cmake_minimum_required):
  Compatibility with CMake < 3.10 will be removed from a future version of
  CMake.

  Update the VERSION argument <min> value.  Or, use the <min>...<max> syntax
  to tell CMake that the project requires at least <min> but has been updated
  to work with policies introduced by <max> or earlier.
Call Stack (most recent call first):
  /home/runner/work/Master/Master/build/tdlib/build-arm64-v8a/CMakeFiles/3.31.6/CMakeSystem.cmake:6 (include)
  /home/runner/work/Master/Master/build/tdlib/build-arm64-v8a/CMakeFiles/CMakeScratch/TryCompile-87UJVz/CMakeLists.txt:5 (project)


CMake Deprecation Warning at /usr/local/lib/android/sdk/ndk/26.3.11579264/build/cmake/android-legacy.toolchain.cmake:34 (cmake_minimum_required):
  Compatibility with CMake < 3.10 will be removed from a future version of
  CMake.

  Update the VERSION argument <min> value.  Or, use the <min>...<max> syntax
  to tell CMake that the project requires at least <min> but has been updated
  to work with policies introduced by <max> or earlier.
Call Stack (most recent call first):
  /usr/local/lib/android/sdk/ndk/26.3.11579264/build/cmake/android.toolchain.cmake:54 (include)
  /home/runner/work/Master/Master/build/tdlib/build-arm64-v8a/CMakeFiles/3.31.6/CMakeSystem.cmake:6 (include)
  /home/runner/work/Master/Master/build/tdlib/build-arm64-v8a/CMakeFiles/CMakeScratch/TryCompile-87UJVz/CMakeLists.txt:5 (project)


-- Performing Test HAVE_CXX_FLAG_WLOGICAL_OP - Failed
-- Performing Test HAVE_CXX_FLAG_WPSABI
CMake Deprecation Warning at /usr/local/lib/android/sdk/ndk/26.3.11579264/build/cmake/android.toolchain.cmake:34 (cmake_minimum_required):
  Compatibility with CMake < 3.10 will be removed from a future version of
  CMake.

  Update the VERSION argument <min> value.  Or, use the <min>...<max> syntax
  to tell CMake that the project requires at least <min> but has been updated
  to work with policies introduced by <max> or earlier.
Call Stack (most recent call first):
  /home/runner/work/Master/Master/build/tdlib/build-arm64-v8a/CMakeFiles/3.31.6/CMakeSystem.cmake:6 (include)
  /home/runner/work/Master/Master/build/tdlib/build-arm64-v8a/CMakeFiles/CMakeScratch/TryCompile-JjMw8e/CMakeLists.txt:5 (project)


CMake Deprecation Warning at /usr/local/lib/android/sdk/ndk/26.3.11579264/build/cmake/android-legacy.toolchain.cmake:34 (cmake_minimum_required):
  Compatibility with CMake < 3.10 will be removed from a future version of
  CMake.

  Update the VERSION argument <min> value.  Or, use the <min>...<max> syntax
  to tell CMake that the project requires at least <min> but has been updated
  to work with policies introduced by <max> or earlier.
Call Stack (most recent call first):
  /usr/local/lib/android/sdk/ndk/26.3.11579264/build/cmake/android.toolchain.cmake:54 (include)
  /home/runner/work/Master/Master/build/tdlib/build-arm64-v8a/CMakeFiles/3.31.6/CMakeSystem.cmake:6 (include)
  /home/runner/work/Master/Master/build/tdlib/build-arm64-v8a/CMakeFiles/CMakeScratch/TryCompile-JjMw8e/CMakeLists.txt:5 (project)


-- Performing Test HAVE_CXX_FLAG_WPSABI - Success
-- Performing Test HAVE_CXX_FLAG_WSIGN_CONVERSION
CMake Deprecation Warning at /usr/local/lib/android/sdk/ndk/26.3.11579264/build/cmake/android.toolchain.cmake:34 (cmake_minimum_required):
  Compatibility with CMake < 3.10 will be removed from a future version of
  CMake.

  Update the VERSION argument <min> value.  Or, use the <min>...<max> syntax
  to tell CMake that the project requires at least <min> but has been updated
  to work with policies introduced by <max> or earlier.
Call Stack (most recent call first):
  /home/runner/work/Master/Master/build/tdlib/build-arm64-v8a/CMakeFiles/3.31.6/CMakeSystem.cmake:6 (include)
  /home/runner/work/Master/Master/build/tdlib/build-arm64-v8a/CMakeFiles/CMakeScratch/TryCompile-IikaR5/CMakeLists.txt:5 (project)


CMake Deprecation Warning at /usr/local/lib/android/sdk/ndk/26.3.11579264/build/cmake/android-legacy.toolchain.cmake:34 (cmake_minimum_required):
  Compatibility with CMake < 3.10 will be removed from a future version of
  CMake.

  Update the VERSION argument <min> value.  Or, use the <min>...<max> syntax
  to tell CMake that the project requires at least <min> but has been updated
  to work with policies introduced by <max> or earlier.
Call Stack (most recent call first):
  /usr/local/lib/android/sdk/ndk/26.3.11579264/build/cmake/android.toolchain.cmake:54 (include)
  /home/runner/work/Master/Master/build/tdlib/build-arm64-v8a/CMakeFiles/3.31.6/CMakeSystem.cmake:6 (include)
  /home/runner/work/Master/Master/build/tdlib/build-arm64-v8a/CMakeFiles/CMakeScratch/TryCompile-IikaR5/CMakeLists.txt:5 (project)


-- Performing Test HAVE_CXX_FLAG_WSIGN_CONVERSION - Success
-- Performing Test HAVE_CXX_FLAG_WTAUTOLOGICAL_COMPARE
CMake Deprecation Warning at /usr/local/lib/android/sdk/ndk/26.3.11579264/build/cmake/android.toolchain.cmake:34 (cmake_minimum_required):
  Compatibility with CMake < 3.10 will be removed from a future version of
  CMake.

  Update the VERSION argument <min> value.  Or, use the <min>...<max> syntax
  to tell CMake that the project requires at least <min> but has been updated
  to work with policies introduced by <max> or earlier.
Call Stack (most recent call first):
  /home/runner/work/Master/Master/build/tdlib/build-arm64-v8a/CMakeFiles/3.31.6/CMakeSystem.cmake:6 (include)
  /home/runner/work/Master/Master/build/tdlib/build-arm64-v8a/CMakeFiles/CMakeScratch/TryCompile-uDOZr7/CMakeLists.txt:5 (project)


CMake Deprecation Warning at /usr/local/lib/android/sdk/ndk/26.3.11579264/build/cmake/android-legacy.toolchain.cmake:34 (cmake_minimum_required):
  Compatibility with CMake < 3.10 will be removed from a future version of
  CMake.

  Update the VERSION argument <min> value.  Or, use the <min>...<max> syntax
  to tell CMake that the project requires at least <min> but has been updated
  to work with policies introduced by <max> or earlier.
Call Stack (most recent call first):
  /usr/local/lib/android/sdk/ndk/26.3.11579264/build/cmake/android.toolchain.cmake:54 (include)
  /home/runner/work/Master/Master/build/tdlib/build-arm64-v8a/CMakeFiles/3.31.6/CMakeSystem.cmake:6 (include)
  /home/runner/work/Master/Master/build/tdlib/build-arm64-v8a/CMakeFiles/CMakeScratch/TryCompile-uDOZr7/CMakeLists.txt:5 (project)


-- Performing Test HAVE_CXX_FLAG_WTAUTOLOGICAL_COMPARE - Success
-- Performing Test HAVE_CXX_FLAG_WUNKNOWN_WARNING_OPTION
CMake Deprecation Warning at /usr/local/lib/android/sdk/ndk/26.3.11579264/build/cmake/android.toolchain.cmake:34 (cmake_minimum_required):
  Compatibility with CMake < 3.10 will be removed from a future version of
  CMake.

  Update the VERSION argument <min> value.  Or, use the <min>...<max> syntax
  to tell CMake that the project requires at least <min> but has been updated
  to work with policies introduced by <max> or earlier.
Call Stack (most recent call first):
  /home/runner/work/Master/Master/build/tdlib/build-arm64-v8a/CMakeFiles/3.31.6/CMakeSystem.cmake:6 (include)
  /home/runner/work/Master/Master/build/tdlib/build-arm64-v8a/CMakeFiles/CMakeScratch/TryCompile-NhSiYW/CMakeLists.txt:5 (project)


CMake Deprecation Warning at /usr/local/lib/android/sdk/ndk/26.3.11579264/build/cmake/android-legacy.toolchain.cmake:34 (cmake_minimum_required):
  Compatibility with CMake < 3.10 will be removed from a future version of
  CMake.

  Update the VERSION argument <min> value.  Or, use the <min>...<max> syntax
  to tell CMake that the project requires at least <min> but has been updated
  to work with policies introduced by <max> or earlier.
Call Stack (most recent call first):
  /usr/local/lib/android/sdk/ndk/26.3.11579264/build/cmake/android.toolchain.cmake:54 (include)
  /home/runner/work/Master/Master/build/tdlib/build-arm64-v8a/CMakeFiles/3.31.6/CMakeSystem.cmake:6 (include)
  /home/runner/work/Master/Master/build/tdlib/build-arm64-v8a/CMakeFiles/CMakeScratch/TryCompile-NhSiYW/CMakeLists.txt:5 (project)


-- Performing Test HAVE_CXX_FLAG_WUNKNOWN_WARNING_OPTION - Success
-- Performing Test HAVE_CXX_FLAG_WUNUSED_COMMAND_LINE_ARGUMENT
CMake Deprecation Warning at /usr/local/lib/android/sdk/ndk/26.3.11579264/build/cmake/android.toolchain.cmake:34 (cmake_minimum_required):
  Compatibility with CMake < 3.10 will be removed from a future version of
  CMake.

  Update the VERSION argument <min> value.  Or, use the <min>...<max> syntax
  to tell CMake that the project requires at least <min> but has been updated
  to work with policies introduced by <max> or earlier.
Call Stack (most recent call first):
  /home/runner/work/Master/Master/build/tdlib/build-arm64-v8a/CMakeFiles/3.31.6/CMakeSystem.cmake:6 (include)
  /home/runner/work/Master/Master/build/tdlib/build-arm64-v8a/CMakeFiles/CMakeScratch/TryCompile-b06Thh/CMakeLists.txt:5 (project)


CMake Deprecation Warning at /usr/local/lib/android/sdk/ndk/26.3.11579264/build/cmake/android-legacy.toolchain.cmake:34 (cmake_minimum_required):
  Compatibility with CMake < 3.10 will be removed from a future version of
  CMake.

  Update the VERSION argument <min> value.  Or, use the <min>...<max> syntax
  to tell CMake that the project requires at least <min> but has been updated
  to work with policies introduced by <max> or earlier.
Call Stack (most recent call first):
  /usr/local/lib/android/sdk/ndk/26.3.11579264/build/cmake/android.toolchain.cmake:54 (include)
  /home/runner/work/Master/Master/build/tdlib/build-arm64-v8a/CMakeFiles/3.31.6/CMakeSystem.cmake:6 (include)
  /home/runner/work/Master/Master/build/tdlib/build-arm64-v8a/CMakeFiles/CMakeScratch/TryCompile-b06Thh/CMakeLists.txt:5 (project)


-- Performing Test HAVE_CXX_FLAG_WUNUSED_COMMAND_LINE_ARGUMENT - Success
-- Performing Test HAVE_CXX_FLAG_WUNUSED_PARAMETER
CMake Deprecation Warning at /usr/local/lib/android/sdk/ndk/26.3.11579264/build/cmake/android.toolchain.cmake:34 (cmake_minimum_required):
  Compatibility with CMake < 3.10 will be removed from a future version of
  CMake.

  Update the VERSION argument <min> value.  Or, use the <min>...<max> syntax
  to tell CMake that the project requires at least <min> but has been updated
  to work with policies introduced by <max> or earlier.
Call Stack (most recent call first):
  /home/runner/work/Master/Master/build/tdlib/build-arm64-v8a/CMakeFiles/3.31.6/CMakeSystem.cmake:6 (include)
  /home/runner/work/Master/Master/build/tdlib/build-arm64-v8a/CMakeFiles/CMakeScratch/TryCompile-0Qm5wN/CMakeLists.txt:5 (project)


CMake Deprecation Warning at /usr/local/lib/android/sdk/ndk/26.3.11579264/build/cmake/android-legacy.toolchain.cmake:34 (cmake_minimum_required):
  Compatibility with CMake < 3.10 will be removed from a future version of
  CMake.

  Update the VERSION argument <min> value.  Or, use the <min>...<max> syntax
  to tell CMake that the project requires at least <min> but has been updated
  to work with policies introduced by <max> or earlier.
Call Stack (most recent call first):
  /usr/local/lib/android/sdk/ndk/26.3.11579264/build/cmake/android.toolchain.cmake:54 (include)
  /home/runner/work/Master/Master/build/tdlib/build-arm64-v8a/CMakeFiles/3.31.6/CMakeSystem.cmake:6 (include)
  /home/runner/work/Master/Master/build/tdlib/build-arm64-v8a/CMakeFiles/CMakeScratch/TryCompile-0Qm5wN/CMakeLists.txt:5 (project)


-- Performing Test HAVE_CXX_FLAG_WUNUSED_PARAMETER - Success
-- Performing Test HAVE_CXX_FLAG_WNON_VIRTUAL_DTOR
CMake Deprecation Warning at /usr/local/lib/android/sdk/ndk/26.3.11579264/build/cmake/android.toolchain.cmake:34 (cmake_minimum_required):
  Compatibility with CMake < 3.10 will be removed from a future version of
  CMake.

  Update the VERSION argument <min> value.  Or, use the <min>...<max> syntax
  to tell CMake that the project requires at least <min> but has been updated
  to work with policies introduced by <max> or earlier.
Call Stack (most recent call first):
  /home/runner/work/Master/Master/build/tdlib/build-arm64-v8a/CMakeFiles/3.31.6/CMakeSystem.cmake:6 (include)
  /home/runner/work/Master/Master/build/tdlib/build-arm64-v8a/CMakeFiles/CMakeScratch/TryCompile-jo7rTt/CMakeLists.txt:5 (project)


CMake Deprecation Warning at /usr/local/lib/android/sdk/ndk/26.3.11579264/build/cmake/android-legacy.toolchain.cmake:34 (cmake_minimum_required):
  Compatibility with CMake < 3.10 will be removed from a future version of
  CMake.

  Update the VERSION argument <min> value.  Or, use the <min>...<max> syntax
  to tell CMake that the project requires at least <min> but has been updated
  to work with policies introduced by <max> or earlier.
Call Stack (most recent call first):
  /usr/local/lib/android/sdk/ndk/26.3.11579264/build/cmake/android.toolchain.cmake:54 (include)
  /home/runner/work/Master/Master/build/tdlib/build-arm64-v8a/CMakeFiles/3.31.6/CMakeSystem.cmake:6 (include)
  /home/runner/work/Master/Master/build/tdlib/build-arm64-v8a/CMakeFiles/CMakeScratch/TryCompile-jo7rTt/CMakeLists.txt:5 (project)


-- Performing Test HAVE_CXX_FLAG_WNON_VIRTUAL_DTOR - Success
-- Performing Test HAVE_CXX_FLAG_WODR
CMake Deprecation Warning at /usr/local/lib/android/sdk/ndk/26.3.11579264/build/cmake/android.toolchain.cmake:34 (cmake_minimum_required):
  Compatibility with CMake < 3.10 will be removed from a future version of
  CMake.

  Update the VERSION argument <min> value.  Or, use the <min>...<max> syntax
  to tell CMake that the project requires at least <min> but has been updated
  to work with policies introduced by <max> or earlier.
Call Stack (most recent call first):
  /home/runner/work/Master/Master/build/tdlib/build-arm64-v8a/CMakeFiles/3.31.6/CMakeSystem.cmake:6 (include)
  /home/runner/work/Master/Master/build/tdlib/build-arm64-v8a/CMakeFiles/CMakeScratch/TryCompile-XUuApW/CMakeLists.txt:5 (project)


CMake Deprecation Warning at /usr/local/lib/android/sdk/ndk/26.3.11579264/build/cmake/android-legacy.toolchain.cmake:34 (cmake_minimum_required):
  Compatibility with CMake < 3.10 will be removed from a future version of
  CMake.

  Update the VERSION argument <min> value.  Or, use the <min>...<max> syntax
  to tell CMake that the project requires at least <min> but has been updated
  to work with policies introduced by <max> or earlier.
Call Stack (most recent call first):
  /usr/local/lib/android/sdk/ndk/26.3.11579264/build/cmake/android.toolchain.cmake:54 (include)
  /home/runner/work/Master/Master/build/tdlib/build-arm64-v8a/CMakeFiles/3.31.6/CMakeSystem.cmake:6 (include)
  /home/runner/work/Master/Master/build/tdlib/build-arm64-v8a/CMakeFiles/CMakeScratch/TryCompile-XUuApW/CMakeLists.txt:5 (project)


-- Performing Test HAVE_CXX_FLAG_WODR - Success
-- Performing Test HAVE_CXX_FLAG_WPOINTER_ARITH
CMake Deprecation Warning at /usr/local/lib/android/sdk/ndk/26.3.11579264/build/cmake/android.toolchain.cmake:34 (cmake_minimum_required):
  Compatibility with CMake < 3.10 will be removed from a future version of
  CMake.

  Update the VERSION argument <min> value.  Or, use the <min>...<max> syntax
  to tell CMake that the project requires at least <min> but has been updated
  to work with policies introduced by <max> or earlier.
Call Stack (most recent call first):
  /home/runner/work/Master/Master/build/tdlib/build-arm64-v8a/CMakeFiles/3.31.6/CMakeSystem.cmake:6 (include)
  /home/runner/work/Master/Master/build/tdlib/build-arm64-v8a/CMakeFiles/CMakeScratch/TryCompile-qnX6np/CMakeLists.txt:5 (project)


CMake Deprecation Warning at /usr/local/lib/android/sdk/ndk/26.3.11579264/build/cmake/android-legacy.toolchain.cmake:34 (cmake_minimum_required):
  Compatibility with CMake < 3.10 will be removed from a future version of
  CMake.

  Update the VERSION argument <min> value.  Or, use the <min>...<max> syntax
  to tell CMake that the project requires at least <min> but has been updated
  to work with policies introduced by <max> or earlier.
Call Stack (most recent call first):
  /usr/local/lib/android/sdk/ndk/26.3.11579264/build/cmake/android.toolchain.cmake:54 (include)
  /home/runner/work/Master/Master/build/tdlib/build-arm64-v8a/CMakeFiles/3.31.6/CMakeSystem.cmake:6 (include)
  /home/runner/work/Master/Master/build/tdlib/build-arm64-v8a/CMakeFiles/CMakeScratch/TryCompile-qnX6np/CMakeLists.txt:5 (project)


-- Performing Test HAVE_CXX_FLAG_WPOINTER_ARITH - Success
-- Performing Test HAVE_CXX_FLAG_WSIGN_COMPARE
CMake Deprecation Warning at /usr/local/lib/android/sdk/ndk/26.3.11579264/build/cmake/android.toolchain.cmake:34 (cmake_minimum_required):
  Compatibility with CMake < 3.10 will be removed from a future version of
  CMake.

  Update the VERSION argument <min> value.  Or, use the <min>...<max> syntax
  to tell CMake that the project requires at least <min> but has been updated
  to work with policies introduced by <max> or earlier.
Call Stack (most recent call first):
  /home/runner/work/Master/Master/build/tdlib/build-arm64-v8a/CMakeFiles/3.31.6/CMakeSystem.cmake:6 (include)
  /home/runner/work/Master/Master/build/tdlib/build-arm64-v8a/CMakeFiles/CMakeScratch/TryCompile-BpeEOH/CMakeLists.txt:5 (project)


CMake Deprecation Warning at /usr/local/lib/android/sdk/ndk/26.3.11579264/build/cmake/android-legacy.toolchain.cmake:34 (cmake_minimum_required):
  Compatibility with CMake < 3.10 will be removed from a future version of
  CMake.

  Update the VERSION argument <min> value.  Or, use the <min>...<max> syntax
  to tell CMake that the project requires at least <min> but has been updated
  to work with policies introduced by <max> or earlier.
Call Stack (most recent call first):
  /usr/local/lib/android/sdk/ndk/26.3.11579264/build/cmake/android.toolchain.cmake:54 (include)
  /home/runner/work/Master/Master/build/tdlib/build-arm64-v8a/CMakeFiles/3.31.6/CMakeSystem.cmake:6 (include)
  /home/runner/work/Master/Master/build/tdlib/build-arm64-v8a/CMakeFiles/CMakeScratch/TryCompile-BpeEOH/CMakeLists.txt:5 (project)


-- Performing Test HAVE_CXX_FLAG_WSIGN_COMPARE - Success
-- Performing Test HAVE_CXX_FLAG_WUNUSED_MEMBER_FUNCTION
CMake Deprecation Warning at /usr/local/lib/android/sdk/ndk/26.3.11579264/build/cmake/android.toolchain.cmake:34 (cmake_minimum_required):
  Compatibility with CMake < 3.10 will be removed from a future version of
  CMake.

  Update the VERSION argument <min> value.  Or, use the <min>...<max> syntax
  to tell CMake that the project requires at least <min> but has been updated
  to work with policies introduced by <max> or earlier.
Call Stack (most recent call first):
  /home/runner/work/Master/Master/build/tdlib/build-arm64-v8a/CMakeFiles/3.31.6/CMakeSystem.cmake:6 (include)
  /home/runner/work/Master/Master/build/tdlib/build-arm64-v8a/CMakeFiles/CMakeScratch/TryCompile-a43n9o/CMakeLists.txt:5 (project)


CMake Deprecation Warning at /usr/local/lib/android/sdk/ndk/26.3.11579264/build/cmake/android-legacy.toolchain.cmake:34 (cmake_minimum_required):
  Compatibility with CMake < 3.10 will be removed from a future version of
  CMake.

  Update the VERSION argument <min> value.  Or, use the <min>...<max> syntax
  to tell CMake that the project requires at least <min> but has been updated
  to work with policies introduced by <max> or earlier.
Call Stack (most recent call first):
  /usr/local/lib/android/sdk/ndk/26.3.11579264/build/cmake/android.toolchain.cmake:54 (include)
  /home/runner/work/Master/Master/build/tdlib/build-arm64-v8a/CMakeFiles/3.31.6/CMakeSystem.cmake:6 (include)
  /home/runner/work/Master/Master/build/tdlib/build-arm64-v8a/CMakeFiles/CMakeScratch/TryCompile-a43n9o/CMakeLists.txt:5 (project)


-- Performing Test HAVE_CXX_FLAG_WUNUSED_MEMBER_FUNCTION - Success
-- Performing Test HAVE_CXX_FLAG_WUNUSED_PRIVATE_FIELD
CMake Deprecation Warning at /usr/local/lib/android/sdk/ndk/26.3.11579264/build/cmake/android.toolchain.cmake:34 (cmake_minimum_required):
  Compatibility with CMake < 3.10 will be removed from a future version of
  CMake.

  Update the VERSION argument <min> value.  Or, use the <min>...<max> syntax
  to tell CMake that the project requires at least <min> but has been updated
  to work with policies introduced by <max> or earlier.
Call Stack (most recent call first):
  /home/runner/work/Master/Master/build/tdlib/build-arm64-v8a/CMakeFiles/3.31.6/CMakeSystem.cmake:6 (include)
  /home/runner/work/Master/Master/build/tdlib/build-arm64-v8a/CMakeFiles/CMakeScratch/TryCompile-cNllqF/CMakeLists.txt:5 (project)


CMake Deprecation Warning at /usr/local/lib/android/sdk/ndk/26.3.11579264/build/cmake/android-legacy.toolchain.cmake:34 (cmake_minimum_required):
  Compatibility with CMake < 3.10 will be removed from a future version of
  CMake.

  Update the VERSION argument <min> value.  Or, use the <min>...<max> syntax
  to tell CMake that the project requires at least <min> but has been updated
  to work with policies introduced by <max> or earlier.
Call Stack (most recent call first):
  /usr/local/lib/android/sdk/ndk/26.3.11579264/build/cmake/android.toolchain.cmake:54 (include)
  /home/runner/work/Master/Master/build/tdlib/build-arm64-v8a/CMakeFiles/3.31.6/CMakeSystem.cmake:6 (include)
  /home/runner/work/Master/Master/build/tdlib/build-arm64-v8a/CMakeFiles/CMakeScratch/TryCompile-cNllqF/CMakeLists.txt:5 (project)


-- Performing Test HAVE_CXX_FLAG_WUNUSED_PRIVATE_FIELD - Success
-- Performing Test HAVE_CXX_FLAG_WVLA
CMake Deprecation Warning at /usr/local/lib/android/sdk/ndk/26.3.11579264/build/cmake/android.toolchain.cmake:34 (cmake_minimum_required):
  Compatibility with CMake < 3.10 will be removed from a future version of
  CMake.

  Update the VERSION argument <min> value.  Or, use the <min>...<max> syntax
  to tell CMake that the project requires at least <min> but has been updated
  to work with policies introduced by <max> or earlier.
Call Stack (most recent call first):
  /home/runner/work/Master/Master/build/tdlib/build-arm64-v8a/CMakeFiles/3.31.6/CMakeSystem.cmake:6 (include)
  /home/runner/work/Master/Master/build/tdlib/build-arm64-v8a/CMakeFiles/CMakeScratch/TryCompile-QO1TzX/CMakeLists.txt:5 (project)


CMake Deprecation Warning at /usr/local/lib/android/sdk/ndk/26.3.11579264/build/cmake/android-legacy.toolchain.cmake:34 (cmake_minimum_required):
  Compatibility with CMake < 3.10 will be removed from a future version of
  CMake.

  Update the VERSION argument <min> value.  Or, use the <min>...<max> syntax
  to tell CMake that the project requires at least <min> but has been updated
  to work with policies introduced by <max> or earlier.
Call Stack (most recent call first):
  /usr/local/lib/android/sdk/ndk/26.3.11579264/build/cmake/android.toolchain.cmake:54 (include)
  /home/runner/work/Master/Master/build/tdlib/build-arm64-v8a/CMakeFiles/3.31.6/CMakeSystem.cmake:6 (include)
  /home/runner/work/Master/Master/build/tdlib/build-arm64-v8a/CMakeFiles/CMakeScratch/TryCompile-QO1TzX/CMakeLists.txt:5 (project)


-- Performing Test HAVE_CXX_FLAG_WVLA - Success
-- Git state: GITDIR-NOTFOUND
-- Found ZLIB: /usr/local/lib/android/sdk/ndk/26.3.11579264/toolchains/llvm/prebuilt/linux-x86_64/sysroot/usr/lib/aarch64-linux-android/26/libz.so (found version "1.2.13")
-- Found ZLIB: /usr/local/lib/android/sdk/ndk/26.3.11579264/toolchains/llvm/prebuilt/linux-x86_64/sysroot/usr/include /usr/local/lib/android/sdk/ndk/26.3.11579264/toolchains/llvm/prebuilt/linux-x86_64/sysroot/usr/lib/aarch64-linux-android/26/libz.so
-- Could NOT find OpenSSL, try to set the path to OpenSSL root folder in the system variable OPENSSL_ROOT_DIR (missing: OPENSSL_CRYPTO_LIBRARY OPENSSL_INCLUDE_DIR) 
-- Performing Test ATOMICS_FOUND
CMake Deprecation Warning at /usr/local/lib/android/sdk/ndk/26.3.11579264/build/cmake/android.toolchain.cmake:34 (cmake_minimum_required):
  Compatibility with CMake < 3.10 will be removed from a future version of
  CMake.

  Update the VERSION argument <min> value.  Or, use the <min>...<max> syntax
  to tell CMake that the project requires at least <min> but has been updated
  to work with policies introduced by <max> or earlier.
Call Stack (most recent call first):
  /home/runner/work/Master/Master/build/tdlib/build-arm64-v8a/CMakeFiles/3.31.6/CMakeSystem.cmake:6 (include)
  /home/runner/work/Master/Master/build/tdlib/build-arm64-v8a/CMakeFiles/CMakeScratch/TryCompile-Ntkphl/CMakeLists.txt:5 (project)


CMake Deprecation Warning at /usr/local/lib/android/sdk/ndk/26.3.11579264/build/cmake/android-legacy.toolchain.cmake:34 (cmake_minimum_required):
  Compatibility with CMake < 3.10 will be removed from a future version of
  CMake.

  Update the VERSION argument <min> value.  Or, use the <min>...<max> syntax
  to tell CMake that the project requires at least <min> but has been updated
  to work with policies introduced by <max> or earlier.
Call Stack (most recent call first):
  /usr/local/lib/android/sdk/ndk/26.3.11579264/build/cmake/android.toolchain.cmake:54 (include)
  /home/runner/work/Master/Master/build/tdlib/build-arm64-v8a/CMakeFiles/3.31.6/CMakeSystem.cmake:6 (include)
  /home/runner/work/Master/Master/build/tdlib/build-arm64-v8a/CMakeFiles/CMakeScratch/TryCompile-Ntkphl/CMakeLists.txt:5 (project)


-- Performing Test ATOMICS_FOUND - Success
CMake Warning at CMakeLists.txt:172 (message):
  Can't find OpenSSL: stop building


-- Configuring done (2.9s)
-- Generating done (0.0s)
CMake Warning:
  Manually-specified variables were not used by the project:

    TD_ANDROID_JSON


-- Build files have been written to: /home/runner/work/Master/Master/build/tdlib/build-arm64-v8a
[1/89] 
[2/89] 
[3/89] Building CXX object tdtl/CMakeFiles/tdtl.dir/td/tl/tl_file_utils.cpp.o
[4/89] Building CXX object tdtl/CMakeFiles/tdtl.dir/td/tl/tl_file_outputer.cpp.o
[5/89] Building CXX object tdtl/CMakeFiles/tdtl.dir/td/tl/tl_outputer.cpp.o
[6/89] Building CXX object tdtl/CMakeFiles/tdtl.dir/td/tl/tl_core.cpp.o
[7/89] Building CXX object tdtl/CMakeFiles/tdtl.dir/td/tl/tl_string_outputer.cpp.o
[8/89] Building CXX object tdutils/CMakeFiles/tdutils.dir/td/utils/port/Clocks.cpp.o
[9/89] Building CXX object tdtl/CMakeFiles/tdtl.dir/td/tl/tl_writer.cpp.o
[10/89] Building CXX object tdtl/CMakeFiles/tdtl.dir/td/tl/tl_config.cpp.o
[11/89] Building CXX object tdutils/CMakeFiles/tdutils.dir/td/utils/port/platform.cpp.o
[12/89] Building CXX object tdutils/CMakeFiles/tdutils.dir/td/utils/port/MemoryMapping.cpp.o
[13/89] Building CXX object tdutils/CMakeFiles/tdutils.dir/td/utils/port/FileFd.cpp.o
[14/89] Building CXX object tdtl/CMakeFiles/tdtl.dir/td/tl/tl_generate.cpp.o
[15/89] Building CXX object tdutils/CMakeFiles/tdutils.dir/td/utils/port/PollFlags.cpp.o
[16/89] Building CXX object tdutils/CMakeFiles/tdutils.dir/td/utils/port/path.cpp.o
[17/89] Building CXX object tdutils/CMakeFiles/tdutils.dir/td/utils/port/rlimit.cpp.o
[18/89] Building CXX object tdutils/CMakeFiles/tdutils.dir/td/utils/port/IPAddress.cpp.o
[19/89] Building CXX object tdutils/CMakeFiles/tdutils.dir/td/utils/port/ServerSocketFd.cpp.o
[20/89] Building CXX object tdutils/CMakeFiles/tdutils.dir/td/utils/port/sleep.cpp.o
[21/89] Building CXX object tdutils/CMakeFiles/tdutils.dir/td/utils/port/signals.cpp.o
[22/89] Building CXX object tdutils/CMakeFiles/tdutils.dir/td/utils/port/Stat.cpp.o
[23/89] Building CXX object tdutils/CMakeFiles/tdutils.dir/td/utils/port/stacktrace.cpp.o
[24/89] Building CXX object tdutils/CMakeFiles/tdutils.dir/td/utils/port/SocketFd.cpp.o
[25/89] Building CXX object tdutils/CMakeFiles/tdutils.dir/td/utils/port/wstring_convert.cpp.o
[26/89] Building CXX object tdutils/CMakeFiles/tdutils.dir/td/utils/port/thread_local.cpp.o
[27/89] Building CXX object tdutils/CMakeFiles/tdutils.dir/td/utils/port/detail/EventFdBsd.cpp.o
[28/89] Building CXX object tdutils/CMakeFiles/tdutils.dir/td/utils/port/UdpSocketFd.cpp.o
[29/89] Building CXX object tdutils/CMakeFiles/tdutils.dir/td/utils/port/detail/EventFdWindows.cpp.o
[30/89] Building CXX object tdutils/CMakeFiles/tdutils.dir/td/utils/port/detail/Iocp.cpp.o
[31/89] Building CXX object tdutils/CMakeFiles/tdutils.dir/td/utils/port/detail/KQueue.cpp.o
[32/89] Building CXX object tdutils/CMakeFiles/tdutils.dir/td/utils/port/uname.cpp.o
[33/89] Building CXX object tdutils/CMakeFiles/tdutils.dir/td/utils/port/detail/Poll.cpp.o
[34/89] Building CXX object tdutils/CMakeFiles/tdutils.dir/td/utils/port/detail/Select.cpp.o
[35/89] Building CXX object tdutils/CMakeFiles/tdutils.dir/td/utils/port/user.cpp.o
[36/89] Building CXX object tdutils/CMakeFiles/tdutils.dir/td/utils/port/StdStreams.cpp.o
[37/89] Building CXX object tdutils/CMakeFiles/tdutils.dir/td/utils/port/detail/WineventPoll.cpp.o
[38/89] Building CXX object tdutils/CMakeFiles/tdutils.dir/generate/auto/mime_type_to_extension.cpp.o
[39/89] Building CXX object tdutils/CMakeFiles/tdutils.dir/td/utils/port/detail/Epoll.cpp.o
[40/89] Building CXX object tdutils/CMakeFiles/tdutils.dir/td/utils/port/detail/EventFdLinux.cpp.o
[41/89] Building CXX object tdutils/CMakeFiles/tdutils.dir/generate/auto/extension_to_mime_type.cpp.o
[42/89] Building CXX object tdutils/CMakeFiles/tdutils.dir/td/utils/port/detail/NativeFd.cpp.o
[43/89] Building CXX object tdutils/CMakeFiles/tdutils.dir/td/utils/port/detail/ThreadPthread.cpp.o
[44/89] Building CXX object tdutils/CMakeFiles/tdutils.dir/td/utils/port/detail/ThreadIdGuard.cpp.o
[45/89] Building CXX object tdutils/CMakeFiles/tdutils.dir/td/utils/BigNum.cpp.o
[46/89] Building CXX object tdutils/CMakeFiles/tdutils.dir/td/utils/BufferedUdp.cpp.o
[47/89] Building CXX object tdutils/CMakeFiles/tdutils.dir/td/utils/buffer.cpp.o
[48/89] Building CXX object tdutils/CMakeFiles/tdutils.dir/td/utils/check.cpp.o
[49/89] Building CXX object tdutils/CMakeFiles/tdutils.dir/td/utils/AsyncFileLog.cpp.o
[50/89] Building CXX object tdutils/CMakeFiles/tdutils.dir/td/utils/Ed25519.cpp.o
[51/89] Building CXX object tdutils/CMakeFiles/tdutils.dir/td/utils/base64.cpp.o
[52/89] Building CXX object tdutils/CMakeFiles/tdutils.dir/td/utils/crypto.cpp.o
[53/89] Building CXX object tdutils/CMakeFiles/tdutils.dir/td/utils/ExitGuard.cpp.o
[54/89] Building CXX object tdutils/CMakeFiles/tdutils.dir/td/utils/emoji.cpp.o
[55/89] Building CXX object tdutils/CMakeFiles/tdutils.dir/td/utils/FlatHashTable.cpp.o
[56/89] Building CXX object tdutils/CMakeFiles/tdutils.dir/td/utils/FloodControlGlobal.cpp.o
[57/89] Building CXX object tdutils/CMakeFiles/tdutils.dir/td/utils/find_boundary.cpp.o
[58/89] Building CXX object tdutils/CMakeFiles/tdutils.dir/td/utils/filesystem.cpp.o
[59/89] Building CXX object tdutils/CMakeFiles/tdutils.dir/td/utils/FileLog.cpp.o
[60/89] Building CXX object tdutils/CMakeFiles/tdutils.dir/td/utils/Gzip.cpp.o
[61/89] Building CXX object tdutils/CMakeFiles/tdutils.dir/td/utils/GzipByteFlow.cpp.o
[62/89] Building CXX object tdutils/CMakeFiles/tdutils.dir/td/utils/HttpDate.cpp.o
[63/89] Building CXX object tdutils/CMakeFiles/tdutils.dir/td/utils/HttpUrl.cpp.o
[64/89] Building CXX object tdutils/CMakeFiles/tdutils.dir/td/utils/logging.cpp.o
[65/89] Building CXX object tdutils/CMakeFiles/tdutils.dir/td/utils/Hints.cpp.o
[66/89] Building CXX object tdutils/CMakeFiles/tdutils.dir/td/utils/misc.cpp.o
[67/89] Building CXX object tdutils/CMakeFiles/tdutils.dir/td/utils/MpmcQueue.cpp.o
[68/89] Building CXX object tdutils/CMakeFiles/tdutils.dir/td/utils/PathView.cpp.o
[69/89] Building CXX object tdutils/CMakeFiles/tdutils.dir/td/utils/JsonBuilder.cpp.o
[70/89] Building CXX object tdutils/CMakeFiles/tdutils.dir/td/utils/SharedSlice.cpp.o
[71/89] Building CXX object tdutils/CMakeFiles/tdutils.dir/td/utils/Random.cpp.o
[72/89] Building CXX object tdutils/CMakeFiles/tdutils.dir/td/utils/Slice.cpp.o
[73/89] Building CXX object tdutils/CMakeFiles/tdutils.dir/td/utils/StackAllocator.cpp.o
[74/89] Building CXX object tdutils/CMakeFiles/tdutils.dir/td/utils/Status.cpp.o
[75/89] Building CXX object tdutils/CMakeFiles/tdutils.dir/td/utils/StringBuilder.cpp.o
[76/89] Building CXX object tdutils/CMakeFiles/tdutils.dir/td/utils/OptionParser.cpp.o
[77/89] Building CXX object tdutils/CMakeFiles/tdutils.dir/td/utils/tl_parsers.cpp.o
[78/89] Building CXX object tdutils/CMakeFiles/tdutils.dir/td/utils/Time.cpp.o
[79/89] Building CXX object tdutils/CMakeFiles/tdutils.dir/td/utils/Timer.cpp.o
[80/89] Building CXX object tdutils/CMakeFiles/tdutils.dir/td/utils/TsFileLog.cpp.o
[81/89] Building CXX object tdutils/CMakeFiles/tdutils.dir/td/utils/TsLog.cpp.o
[82/89] Building CXX object tdutils/CMakeFiles/tdutils.dir/td/utils/TsCerr.cpp.o
[83/89] Linking CXX static library tdtl/libtdtl.a
[84/89] Building CXX object tdutils/CMakeFiles/tdutils.dir/td/utils/unicode.cpp.o
[85/89] Building CXX object tdutils/CMakeFiles/tdutils.dir/td/utils/tests.cpp.o
[86/89] Building CXX object tdutils/CMakeFiles/tdutils.dir/td/utils/MimeType.cpp.o
[87/89] Building CXX object tdutils/CMakeFiles/tdutils.dir/td/utils/utf8.cpp.o
[88/89] Building CXX object tdutils/CMakeFiles/tdutils.dir/td/utils/translit.cpp.o
[89/89] Linking CXX static library tdutils/libtdutils.a
ERROR: expected libtdjson.so was not produced under /home/runner/work/Master/Master/build/tdlib/build-arm64-v8a
